Date,2015 Formula One World Championship,2016 Formula One World Championship,2017 Formula One World Championship,2018 Formula One World Championship,2019 Formula One World Championship,2021 Formula One World Championship,2020 Formula One World Championship,2022 Formula One World Championship,2023 Formula One World Championship,2024 Formula One World Championship,2025 Formula One World Championship
2015-07-01,3364,946,NA,NA,NA,NA,NA,NA,NA,NA,0
2015-07-02,3594,1077,NA,NA,NA,NA,NA,NA,NA,NA,0
2015-07-03,4453,1178,NA,NA,NA,NA,NA,NA,NA,NA,0
2015-07-04,7602,1246,NA,NA,NA,NA,NA,NA,NA,NA,0
2015-07-05,22688,2323,NA,NA,NA,NA,NA,NA,NA,NA,0
2015-07-06,10988,1893,NA,NA,NA,NA,NA,NA,NA,NA,0
2015-07-07,5713,1377,NA,NA,NA,NA,NA,NA,NA,NA,0
2015-07-08,4404,1315,NA,NA,NA,NA,NA,NA,NA,NA,0
2015-07-09,4370,1233,NA,NA,NA,NA,NA,NA,NA,NA,0
2015-07-10,5399,1745,NA,NA,NA,NA,NA,NA,NA,NA,0
2015-07-11,4583,2941,NA,NA,NA,NA,NA,NA,NA,NA,0
2015-07-12,4731,1965,NA,NA,NA,NA,NA,NA,NA,NA,0
2015-07-13,4845,1765,NA,NA,NA,NA,NA,NA,NA,NA,0
2015-07-14,3941,1666,18,NA,NA,NA,NA,NA,NA,NA,0
2015-07-15,3658,1555,4,NA,NA,NA,NA,NA,NA,NA,0
2015-07-16,3914,1714,9,NA,NA,NA,NA,NA,NA,NA,0
2015-07-17,4245,2277,4,NA,NA,NA,NA,NA,NA,NA,0
2015-07-18,7677,2534,2,NA,NA,NA,NA,NA,NA,NA,0
2015-07-19,5832,2042,3,NA,NA,NA,NA,NA,NA,NA,0
2015-07-20,4941,2021,6,NA,NA,NA,NA,NA,NA,NA,0
2015-07-21,4515,1825,NA,NA,NA,NA,NA,NA,NA,NA,0
2015-07-22,4290,1765,3,NA,NA,NA,NA,NA,NA,NA,0
2015-07-23,4880,2576,9,NA,NA,NA,NA,NA,NA,NA,0
2015-07-24,5515,2665,666,NA,NA,NA,NA,NA,NA,NA,0
2015-07-25,8405,2811,780,NA,NA,NA,NA,NA,NA,NA,0
2015-07-26,33439,4347,718,NA,NA,NA,NA,NA,NA,NA,0
2015-07-27,15575,3200,573,NA,NA,NA,NA,NA,NA,NA,0
2015-07-28,7531,2367,474,NA,NA,NA,NA,NA,NA,NA,0
2015-07-29,5150,2083,501,2,NA,NA,NA,NA,NA,NA,0
2015-07-30,4729,1880,579,NA,NA,NA,NA,NA,NA,NA,0
2015-07-31,4181,1847,606,1,NA,NA,NA,24,NA,NA,0
2015-08-01,3775,1723,522,NA,NA,NA,NA,10,NA,NA,0
2015-08-02,4072,1868,595,233,NA,NA,NA,14,NA,NA,0
2015-08-03,3626,1768,492,189,NA,NA,NA,NA,NA,NA,0
2015-08-04,3504,1766,497,152,1,NA,NA,NA,NA,NA,0
2015-08-05,3430,1709,538,144,NA,NA,NA,NA,NA,NA,0
2015-08-06,3269,1644,458,173,NA,NA,NA,NA,NA,NA,0
2015-08-07,3246,1728,398,150,NA,NA,NA,NA,NA,NA,0
2015-08-08,3034,1492,389,126,NA,NA,NA,NA,NA,NA,0
2015-08-09,3494,1639,391,128,NA,NA,NA,NA,NA,NA,0
2015-08-10,3264,1644,454,127,NA,NA,NA,NA,NA,NA,0
2015-08-11,3237,1475,384,119,NA,NA,NA,NA,NA,NA,0
2015-08-12,3104,1404,366,124,NA,NA,NA,NA,NA,NA,0
2015-08-13,3071,1515,395,135,NA,NA,NA,NA,NA,NA,0
2015-08-14,3140,1691,411,149,NA,NA,NA,NA,NA,NA,0
2015-08-15,3062,1655,388,129,NA,NA,NA,NA,NA,NA,0
2015-08-16,3693,1724,405,132,NA,NA,NA,NA,NA,NA,0
2015-08-17,3556,1640,379,131,NA,NA,NA,NA,NA,NA,0
2015-08-18,3587,1675,415,134,NA,NA,NA,NA,NA,NA,0
2015-08-19,4174,3085,644,243,NA,NA,NA,NA,NA,NA,0
2015-08-20,4248,2542,609,179,NA,NA,NA,NA,NA,NA,0
2015-08-21,4769,2152,461,128,NA,NA,NA,NA,NA,NA,0
2015-08-22,7577,2314,539,146,NA,NA,NA,10,NA,NA,0
2015-08-23,21326,3560,869,263,NA,NA,NA,NA,NA,NA,0
2015-08-24,11227,2552,630,193,NA,NA,NA,NA,NA,NA,0
2015-08-25,6072,2165,564,149,NA,NA,NA,NA,NA,NA,0
2015-08-26,4475,1773,433,100,NA,NA,NA,NA,NA,NA,0
2015-08-27,3883,1730,428,121,NA,NA,NA,NA,NA,NA,0
2015-08-28,3686,1885,431,131,NA,NA,NA,NA,NA,NA,0
2015-08-29,3536,1766,466,142,NA,NA,NA,NA,NA,NA,0
2015-08-30,4078,1864,462,125,NA,NA,NA,NA,NA,NA,0
2015-08-31,4027,2036,516,150,NA,NA,NA,NA,NA,NA,0
2015-09-01,3857,2739,731,195,NA,NA,NA,NA,NA,NA,0
2015-09-02,3623,2114,497,132,NA,NA,NA,NA,NA,NA,0
2015-09-03,4098,3122,666,201,NA,NA,NA,NA,NA,NA,0
2015-09-04,4635,3013,668,198,NA,NA,NA,NA,NA,NA,0
2015-09-05,8272,3132,738,211,NA,NA,NA,NA,NA,NA,0
2015-09-06,29228,4880,1186,365,NA,NA,NA,NA,NA,NA,0
2015-09-07,13750,3693,806,197,NA,NA,NA,NA,NA,NA,0
2015-09-08,6757,2908,728,182,NA,NA,NA,NA,NA,NA,0
2015-09-09,5217,2660,580,161,NA,NA,NA,NA,NA,NA,0
2015-09-10,4385,2569,539,145,NA,NA,NA,NA,NA,NA,0
2015-09-11,4159,2399,500,143,NA,NA,NA,NA,NA,NA,0
2015-09-12,4129,2288,502,152,NA,NA,NA,NA,NA,NA,0
2015-09-13,4325,2542,579,181,NA,NA,NA,NA,NA,NA,0
2015-09-14,3968,2220,551,106,NA,NA,NA,NA,NA,NA,0
2015-09-15,3874,2276,495,122,NA,NA,NA,NA,NA,NA,0
2015-09-16,5149,2510,524,142,NA,NA,NA,NA,NA,NA,0
2015-09-17,5851,2552,525,144,NA,NA,NA,NA,NA,NA,0
2015-09-18,5881,2695,596,164,NA,NA,NA,NA,NA,NA,0
2015-09-19,10000,3582,1098,225,NA,NA,NA,NA,NA,NA,0
2015-09-20,29302,6038,1307,349,NA,NA,NA,NA,NA,NA,0
2015-09-21,15617,5630,1142,298,NA,NA,NA,NA,NA,NA,0
2015-09-22,7203,3799,843,221,NA,NA,NA,3,NA,NA,0
2015-09-23,5854,3217,730,159,NA,NA,NA,6,NA,NA,0
2015-09-24,5679,3507,721,207,NA,NA,NA,NA,NA,NA,0
2015-09-25,6250,3987,755,216,NA,NA,NA,NA,NA,NA,0
2015-09-26,8659,4376,763,177,NA,NA,NA,23,NA,NA,0
2015-09-27,23776,6548,1299,362,NA,NA,NA,3,NA,NA,0
2015-09-28,10089,6040,999,272,NA,NA,NA,9,NA,NA,0
2015-09-29,6913,8360,1209,321,NA,NA,NA,NA,NA,NA,0
2015-09-30,5728,7294,1096,238,NA,NA,NA,37,NA,NA,0
2015-10-01,5767,7209,1123,241,NA,NA,NA,23,NA,NA,0
2015-10-02,4506,4597,804,171,NA,NA,NA,20,NA,NA,0
2015-10-03,4538,3895,791,178,NA,NA,NA,NA,NA,NA,0
2015-10-04,4722,3943,694,178,NA,NA,NA,NA,NA,NA,0
2015-10-05,4419,3569,679,165,NA,NA,NA,NA,NA,NA,0
2015-10-06,4090,3246,613,127,NA,NA,NA,NA,NA,NA,0
2015-10-07,3753,3114,567,121,NA,NA,NA,NA,NA,NA,0
2015-10-08,3896,2923,631,132,NA,NA,NA,NA,NA,NA,0
2015-10-09,4857,3579,643,150,NA,NA,NA,NA,NA,NA,0
2015-10-10,8424,4906,819,217,NA,NA,NA,NA,NA,NA,0
2015-10-11,33249,7546,1484,421,NA,NA,NA,NA,NA,NA,0
2015-10-12,14307,4740,964,263,NA,NA,NA,NA,NA,NA,0
2015-10-13,7302,3549,723,186,NA,NA,NA,NA,NA,NA,0
2015-10-14,5283,3436,635,150,NA,NA,NA,NA,NA,NA,0
2015-10-15,4827,3364,622,137,NA,NA,NA,NA,NA,NA,0
2015-10-16,4688,3350,609,142,NA,NA,NA,NA,NA,NA,0
2015-10-17,4773,3395,1732,167,NA,NA,NA,NA,NA,NA,0
2015-10-18,5050,3609,1953,179,NA,NA,NA,NA,NA,NA,0
2015-10-19,4393,3320,707,141,NA,NA,NA,NA,NA,NA,0
2015-10-20,3773,2952,539,117,NA,NA,NA,NA,NA,NA,0
2015-10-21,3886,2743,542,114,NA,NA,NA,NA,NA,NA,0
2015-10-22,4072,2630,460,129,1,NA,1,NA,NA,NA,0
2015-10-23,5480,3876,631,149,NA,NA,NA,NA,NA,NA,0
2015-10-24,7775,6336,939,266,NA,NA,NA,NA,NA,NA,0
2015-10-25,25878,7158,1119,262,NA,NA,NA,NA,NA,NA,0
2015-10-26,37296,7712,1456,378,NA,NA,NA,NA,NA,NA,0
2015-10-27,17161,4938,970,229,NA,NA,NA,NA,NA,NA,0
2015-10-28,12738,4050,788,190,NA,NA,NA,NA,NA,NA,0
2015-10-29,10319,4061,748,169,NA,NA,NA,NA,NA,NA,0
2015-10-30,10625,5313,855,212,NA,NA,NA,NA,NA,NA,0
2015-10-31,11776,7976,1216,314,NA,NA,NA,NA,NA,NA,0
2015-11-01,19195,8118,1519,411,NA,NA,NA,NA,NA,NA,0
2015-11-02,14184,6521,1197,297,NA,NA,NA,NA,NA,NA,0
2015-11-03,6150,4312,821,207,NA,NA,NA,NA,NA,NA,0
2015-11-04,5144,4123,731,168,NA,NA,NA,NA,NA,NA,0
2015-11-05,4633,3867,704,156,NA,NA,NA,NA,NA,NA,0
2015-11-06,4971,3850,677,144,NA,NA,NA,NA,NA,NA,0
2015-11-07,4170,3424,689,147,NA,NA,NA,NA,NA,NA,0
2015-11-08,4787,3761,736,187,NA,NA,NA,NA,NA,NA,0
2015-11-09,4172,3351,661,160,NA,NA,NA,NA,NA,NA,0
2015-11-10,3708,3256,583,109,NA,NA,NA,NA,NA,NA,0
2015-11-11,3836,3148,583,130,NA,NA,NA,NA,NA,NA,0
2015-11-12,4032,3131,613,134,NA,NA,NA,NA,NA,NA,0
2015-11-13,5048,3521,673,132,NA,NA,NA,NA,NA,NA,0
2015-11-14,7113,4165,798,164,NA,NA,NA,NA,NA,NA,0
2015-11-15,18927,6618,1325,309,NA,NA,NA,NA,NA,NA,0
2015-11-16,11986,4555,841,187,NA,NA,NA,13,NA,NA,0
2015-11-17,5697,3631,636,152,NA,NA,NA,2,NA,NA,0
2015-11-18,4131,3095,600,117,NA,NA,NA,NA,NA,NA,0
2015-11-19,3995,3148,654,146,NA,NA,NA,NA,NA,NA,0
2015-11-20,3830,3029,620,149,NA,NA,NA,NA,NA,NA,0
2015-11-21,3776,2868,575,129,NA,NA,NA,8,NA,NA,0
2015-11-22,4273,3190,577,129,NA,NA,NA,4,NA,NA,0
2015-11-23,3757,3224,571,145,NA,NA,NA,3,NA,NA,0
2015-11-24,3406,2903,577,154,NA,NA,NA,NA,NA,NA,0
2015-11-25,3430,2694,583,114,NA,NA,NA,1,NA,NA,0
2015-11-26,3788,2874,522,103,NA,NA,NA,NA,NA,NA,0
2015-11-27,4731,3858,651,122,NA,NA,NA,NA,NA,NA,0
2015-11-28,7957,5377,918,206,NA,NA,NA,3,NA,NA,0
2015-11-29,25992,14395,1907,446,NA,NA,NA,3,NA,NA,0
2015-11-30,13963,9981,1367,286,NA,NA,NA,NA,NA,NA,0
2015-12-01,6984,6139,815,195,NA,NA,NA,NA,NA,NA,0
2015-12-02,5685,6222,832,111,NA,NA,NA,3,NA,NA,0
2015-12-03,5122,7884,979,8,NA,NA,NA,9,NA,NA,0
2015-12-04,5006,13599,1369,2,NA,NA,NA,15,NA,NA,0
2015-12-05,4111,8236,1074,NA,NA,NA,NA,NA,NA,NA,0
2015-12-06,3857,7013,889,NA,NA,NA,NA,NA,NA,NA,0
2015-12-07,3620,6440,845,1,NA,NA,NA,NA,NA,NA,0
2015-12-08,3203,5648,811,3,NA,NA,NA,9,NA,NA,0
2015-12-09,2741,4857,661,3,NA,NA,NA,9,NA,NA,0
2015-12-10,2882,4547,606,NA,NA,NA,NA,7,NA,NA,0
2015-12-11,2771,4756,590,NA,NA,NA,NA,NA,NA,NA,0
2015-12-12,2999,4569,575,NA,NA,NA,NA,NA,NA,NA,0
2015-12-13,3200,4561,592,NA,NA,NA,NA,NA,NA,NA,0
2015-12-14,3075,4765,545,NA,NA,NA,NA,NA,NA,NA,0
2015-12-15,2863,4295,585,1,NA,NA,NA,NA,NA,NA,0
2015-12-16,2471,4152,548,NA,NA,NA,NA,NA,NA,NA,0
2015-12-17,2385,3717,535,NA,NA,NA,NA,NA,NA,NA,0
2015-12-18,2405,3818,496,NA,NA,NA,NA,NA,NA,NA,0
2015-12-19,2326,3464,460,NA,NA,NA,NA,NA,NA,NA,0
2015-12-20,2368,3890,489,NA,NA,NA,NA,NA,NA,NA,0
2015-12-21,2780,5933,689,NA,NA,NA,NA,NA,NA,NA,0
2015-12-22,2534,4828,597,NA,NA,NA,NA,NA,NA,NA,0
2015-12-23,2252,4225,519,NA,NA,NA,NA,NA,NA,NA,0
2015-12-24,2138,3706,434,NA,NA,NA,NA,NA,NA,NA,0
2015-12-25,2039,3494,443,NA,NA,NA,NA,NA,NA,NA,0
2015-12-26,2040,3874,524,1,NA,NA,NA,NA,NA,NA,0
2015-12-27,2046,4359,545,NA,NA,NA,NA,NA,NA,NA,0
2015-12-28,2406,4420,560,NA,NA,NA,NA,NA,NA,NA,0
2015-12-29,2436,4254,552,NA,NA,NA,NA,NA,NA,NA,0
2015-12-30,2471,4118,581,NA,NA,NA,NA,NA,NA,NA,0
2015-12-31,2191,3781,447,NA,NA,NA,NA,NA,NA,NA,0
2016-01-01,2240,4672,588,NA,NA,NA,NA,NA,NA,NA,0
2016-01-02,2253,4863,535,NA,NA,NA,NA,NA,NA,NA,0
2016-01-03,1952,5278,602,NA,NA,NA,NA,NA,NA,NA,0
2016-01-04,2007,6325,720,NA,NA,NA,NA,NA,NA,NA,0
2016-01-05,2044,5525,650,NA,NA,NA,NA,NA,NA,NA,0
2016-01-06,1632,4882,601,NA,NA,NA,NA,35,NA,NA,0
2016-01-07,1935,5185,617,NA,NA,NA,NA,3,NA,NA,0
2016-01-08,1753,4690,580,NA,NA,NA,NA,1,NA,NA,0
2016-01-09,1633,4596,524,NA,NA,NA,NA,NA,NA,NA,0
2016-01-10,1800,5037,546,NA,NA,NA,NA,5,NA,NA,0
2016-01-11,1626,4928,600,NA,NA,NA,NA,3,NA,NA,0
2016-01-12,1589,4703,575,NA,NA,NA,NA,NA,NA,NA,0
2016-01-13,1722,5388,531,NA,NA,NA,NA,9,NA,NA,0
2016-01-14,1723,4960,499,NA,NA,NA,NA,22,NA,NA,0
2016-01-15,1689,4780,570,NA,NA,NA,NA,4,NA,NA,0
2016-01-16,1637,4833,529,NA,NA,NA,NA,9,NA,NA,0
2016-01-17,1634,5417,595,NA,NA,NA,NA,NA,NA,NA,0
2016-01-18,1682,5690,548,NA,NA,NA,NA,1,NA,NA,0
2016-01-19,1889,5872,610,NA,NA,NA,NA,2,NA,NA,0
2016-01-20,1965,5936,617,NA,NA,NA,NA,NA,NA,NA,0
2016-01-21,1591,5353,590,NA,NA,NA,NA,NA,NA,NA,0
2016-01-22,1564,4923,564,NA,NA,NA,NA,NA,NA,NA,0
2016-01-23,1458,4833,588,NA,NA,NA,NA,NA,NA,NA,0
2016-01-24,1797,5519,645,NA,NA,NA,NA,NA,NA,NA,0
2016-01-25,1722,5884,605,NA,NA,NA,NA,NA,NA,NA,0
2016-01-26,1560,5360,538,1,NA,NA,NA,NA,NA,NA,0
2016-01-27,1596,5165,571,NA,NA,NA,NA,NA,NA,NA,0
2016-01-28,1806,6458,689,NA,NA,NA,NA,NA,NA,NA,0
2016-01-29,1910,6530,714,NA,NA,NA,NA,NA,NA,NA,0
2016-01-30,1634,5807,595,NA,NA,NA,NA,NA,NA,NA,0
2016-01-31,1701,6710,798,NA,NA,NA,NA,NA,NA,NA,0
2016-02-01,2500,10355,814,NA,NA,NA,NA,NA,NA,NA,0
2016-02-02,2198,9304,758,NA,NA,NA,NA,NA,NA,NA,0
2016-02-03,2845,14849,1488,NA,NA,NA,NA,NA,NA,NA,0
2016-02-04,2158,9094,892,NA,NA,NA,NA,7,NA,NA,0
2016-02-05,1819,6925,672,NA,NA,NA,NA,4,NA,NA,0
2016-02-06,1729,6252,629,NA,NA,NA,NA,NA,NA,NA,0
2016-02-07,1957,6826,682,NA,NA,NA,NA,8,NA,NA,0
2016-02-08,1799,6446,625,NA,NA,NA,NA,2,NA,NA,0
2016-02-09,1414,6003,578,NA,NA,NA,NA,7,NA,NA,0
2016-02-10,1981,11470,822,NA,NA,NA,NA,7,NA,NA,0
2016-02-11,1659,7960,694,NA,NA,NA,NA,1,NA,NA,0
2016-02-12,1542,6940,597,NA,NA,NA,NA,NA,NA,NA,0
2016-02-13,1359,6710,640,NA,NA,NA,NA,NA,NA,NA,0
2016-02-14,1438,7174,687,NA,NA,NA,NA,NA,NA,NA,0
2016-02-15,1658,7560,714,NA,NA,NA,NA,NA,NA,NA,0
2016-02-16,1667,7262,719,NA,NA,NA,NA,NA,NA,NA,0
2016-02-17,1732,7998,629,NA,NA,NA,NA,NA,NA,NA,0
2016-02-18,2906,17477,1099,NA,NA,NA,NA,NA,NA,NA,0
2016-02-19,2783,14276,912,NA,NA,NA,NA,NA,NA,NA,0
2016-02-20,2228,11074,886,NA,NA,NA,NA,NA,NA,NA,0
2016-02-21,2546,13669,1102,NA,NA,NA,NA,NA,NA,NA,0
2016-02-22,3338,15486,1029,NA,NA,NA,NA,NA,NA,NA,0
2016-02-23,2767,11881,863,NA,NA,NA,NA,NA,NA,NA,0
2016-02-24,2375,10901,929,NA,NA,NA,NA,NA,NA,NA,0
2016-02-25,2037,9677,786,NA,NA,NA,NA,NA,NA,NA,0
2016-02-26,1627,8090,732,NA,NA,NA,NA,NA,NA,NA,0
2016-02-27,1567,7653,710,NA,NA,NA,NA,NA,NA,NA,0
2016-02-28,1649,8562,694,NA,NA,NA,NA,NA,NA,NA,0
2016-02-29,1739,7740,667,NA,NA,NA,NA,NA,NA,NA,0
2016-03-01,1865,7905,670,NA,NA,NA,NA,NA,NA,NA,0
2016-03-02,1555,7495,618,NA,NA,NA,NA,NA,NA,NA,0
2016-03-03,1675,7211,663,NA,NA,NA,NA,NA,NA,NA,0
2016-03-04,1700,8149,742,NA,NA,NA,NA,NA,NA,NA,0
2016-03-05,1468,8117,660,NA,NA,NA,NA,NA,NA,NA,0
2016-03-06,1600,8392,773,NA,NA,NA,NA,NA,NA,NA,0
2016-03-07,1412,7223,703,NA,NA,NA,NA,NA,NA,NA,0
2016-03-08,1493,6872,645,NA,NA,NA,NA,NA,NA,NA,0
2016-03-09,1511,7356,685,NA,NA,NA,NA,NA,NA,NA,0
2016-03-10,1554,7294,634,NA,NA,NA,NA,NA,NA,NA,0
2016-03-11,1472,7104,629,NA,NA,NA,NA,NA,NA,NA,0
2016-03-12,1590,7301,679,NA,NA,NA,NA,NA,NA,NA,0
2016-03-13,1746,9069,823,NA,NA,NA,NA,NA,NA,NA,0
2016-03-14,1949,8719,796,NA,NA,NA,NA,NA,NA,NA,0
2016-03-15,1973,8227,768,NA,NA,NA,NA,NA,NA,NA,0
2016-03-16,2236,9099,854,NA,NA,NA,NA,NA,NA,NA,0
2016-03-17,2603,11334,972,NA,NA,NA,NA,NA,NA,NA,0
2016-03-18,3217,16313,1197,NA,NA,NA,NA,NA,NA,NA,0
2016-03-19,4833,24822,1448,NA,NA,NA,NA,NA,NA,NA,0
2016-03-20,8026,49169,2609,NA,NA,NA,NA,NA,NA,NA,0
2016-03-21,3198,18388,1338,NA,NA,NA,NA,NA,NA,NA,0
2016-03-22,1944,9566,971,NA,NA,NA,NA,NA,NA,NA,0
2016-03-23,1619,7934,947,NA,NA,NA,NA,NA,NA,NA,0
2016-03-24,1414,7079,763,NA,NA,NA,NA,NA,NA,NA,0
2016-03-25,1411,6802,726,NA,NA,NA,NA,NA,NA,NA,0
2016-03-26,1223,6479,730,NA,NA,NA,NA,NA,NA,NA,0
2016-03-27,1304,6766,750,NA,NA,NA,NA,NA,NA,NA,0
2016-03-28,1343,5717,824,NA,NA,NA,NA,NA,NA,NA,0
2016-03-29,1293,5472,830,NA,NA,NA,NA,NA,NA,NA,0
2016-03-30,1286,5182,711,NA,NA,NA,NA,NA,NA,NA,0
2016-03-31,1525,8637,752,NA,NA,NA,NA,NA,NA,NA,0
2016-04-01,1788,8996,814,NA,NA,NA,NA,NA,NA,NA,0
2016-04-02,2312,12428,1002,NA,NA,NA,NA,1,NA,NA,0
2016-04-03,5159,37459,1755,NA,NA,NA,NA,6,NA,NA,0
2016-04-04,3091,18322,1230,NA,NA,NA,NA,13,NA,NA,0
2016-04-05,1818,8572,824,NA,NA,NA,NA,NA,NA,NA,0
2016-04-06,1469,7865,836,NA,NA,NA,NA,NA,NA,NA,0
2016-04-07,1356,6040,753,NA,NA,NA,NA,3,NA,NA,0
2016-04-08,1302,6014,767,NA,NA,NA,NA,NA,NA,NA,0
2016-04-09,1229,5968,781,NA,NA,NA,NA,NA,NA,NA,0
2016-04-10,1215,6395,808,NA,NA,NA,NA,NA,NA,NA,0
2016-04-11,1249,5474,735,NA,NA,NA,NA,NA,NA,NA,0
2016-04-12,1295,4905,632,NA,NA,NA,NA,NA,NA,NA,0
2016-04-13,1116,4764,714,NA,NA,NA,NA,NA,NA,NA,0
2016-04-14,1363,5336,674,NA,NA,NA,NA,NA,NA,NA,0
2016-04-15,1419,5717,723,NA,NA,NA,NA,NA,NA,NA,0
2016-04-16,1938,9583,948,NA,NA,NA,NA,NA,NA,NA,0
2016-04-17,4654,30011,1658,NA,NA,NA,NA,NA,NA,NA,0
2016-04-18,2275,11549,1093,NA,NA,NA,NA,NA,NA,NA,0
2016-04-19,1612,6435,893,NA,NA,NA,NA,NA,NA,NA,0
2016-04-20,1427,5398,860,NA,NA,NA,NA,NA,NA,NA,0
2016-04-21,1202,4715,797,NA,NA,NA,NA,NA,NA,NA,0
2016-04-22,1170,4754,831,NA,NA,NA,NA,NA,NA,NA,0
2016-04-23,1037,4694,676,NA,NA,NA,NA,NA,NA,NA,0
2016-04-24,1080,5337,874,NA,NA,NA,NA,NA,NA,NA,0
2016-04-25,1118,4612,792,NA,NA,NA,NA,NA,NA,NA,0
2016-04-26,1048,4273,739,NA,NA,NA,NA,8,NA,NA,0
2016-04-27,1014,4266,982,NA,NA,NA,NA,NA,NA,NA,0
2016-04-28,1206,4603,711,NA,NA,NA,NA,NA,NA,NA,0
2016-04-29,1281,5552,879,NA,NA,NA,NA,NA,NA,NA,0
2016-04-30,1932,9074,1118,NA,NA,NA,NA,15,NA,NA,0
2016-05-01,4366,31123,1775,NA,NA,NA,NA,1,NA,NA,0
2016-05-02,2581,13648,1198,NA,NA,NA,NA,5,NA,NA,0
2016-05-03,1581,7028,1056,NA,NA,NA,NA,10,NA,NA,0
2016-05-04,1414,5909,954,NA,NA,NA,NA,15,NA,NA,0
2016-05-05,3219,13602,1405,NA,NA,NA,NA,27,NA,NA,0
2016-05-06,1736,6963,1088,NA,NA,NA,NA,NA,NA,NA,0
2016-05-07,1251,5229,1151,NA,NA,NA,NA,5,NA,NA,0
2016-05-08,1182,5477,1035,NA,NA,NA,NA,14,NA,NA,0
2016-05-09,1117,5109,1054,NA,NA,NA,NA,8,NA,NA,0
2016-05-10,1067,4818,934,NA,NA,NA,NA,1,NA,NA,0
2016-05-11,1016,4414,902,NA,NA,NA,NA,NA,NA,NA,0
2016-05-12,1227,4970,777,NA,NA,NA,NA,NA,NA,NA,0
2016-05-13,1435,5946,909,NA,NA,NA,NA,NA,NA,NA,0
2016-05-14,2038,9872,1419,NA,NA,NA,NA,1,NA,NA,0
2016-05-15,4645,38745,2591,NA,NA,NA,NA,1,NA,NA,0
2016-05-16,2963,18171,1735,NA,NA,NA,NA,23,NA,NA,0
2016-05-17,2110,12096,1413,NA,NA,NA,NA,NA,NA,NA,0
2016-05-18,1569,8433,1348,NA,NA,NA,NA,NA,NA,NA,0
2016-05-19,1256,6311,1252,NA,NA,NA,NA,NA,NA,NA,0
2016-05-20,1274,5726,1148,NA,NA,NA,NA,NA,NA,NA,0
2016-05-21,1125,5535,1096,NA,NA,NA,NA,NA,NA,NA,0
2016-05-22,1244,6193,1247,NA,NA,NA,NA,NA,NA,NA,0
2016-05-23,1167,5297,1207,NA,NA,NA,NA,NA,NA,NA,0
2016-05-24,1153,4814,1206,NA,NA,NA,NA,NA,NA,NA,0
2016-05-25,1257,4768,1083,NA,NA,NA,NA,NA,NA,NA,0
2016-05-26,1447,5917,1229,NA,NA,NA,NA,NA,NA,NA,0
2016-05-27,1133,5688,1244,NA,NA,NA,NA,NA,NA,NA,0
2016-05-28,1932,9690,1817,NA,NA,NA,NA,NA,NA,NA,0
2016-05-29,3874,33278,3641,NA,NA,NA,NA,NA,NA,NA,0
2016-05-30,2560,15477,2469,NA,NA,NA,NA,NA,NA,NA,0
2016-05-31,1884,8593,1753,NA,NA,NA,NA,4,NA,NA,0
2016-06-01,1453,6170,1475,NA,NA,NA,NA,6,NA,NA,0
2016-06-02,1174,5480,1709,NA,NA,NA,NA,2,NA,NA,0
2016-06-03,1125,5484,1446,NA,NA,NA,NA,5,NA,NA,0
2016-06-04,1893,5030,1295,NA,NA,NA,NA,NA,NA,NA,0
2016-06-05,1161,5572,1315,NA,NA,NA,NA,NA,NA,NA,0
2016-06-06,1215,5438,1319,NA,NA,NA,NA,NA,NA,NA,0
2016-06-07,1070,4767,1225,NA,NA,NA,NA,NA,NA,NA,0
2016-06-08,1050,4615,1253,NA,NA,NA,NA,NA,NA,NA,0
2016-06-09,1040,4797,1205,NA,NA,NA,NA,NA,NA,NA,0
2016-06-10,1204,5709,1280,NA,NA,NA,NA,NA,NA,NA,0
2016-06-11,1399,7724,1534,NA,NA,NA,NA,NA,NA,NA,0
2016-06-12,2212,22948,2378,NA,NA,NA,NA,NA,NA,NA,0
2016-06-13,1957,16785,2041,NA,NA,NA,NA,NA,NA,NA,0
2016-06-14,1232,7590,1682,NA,NA,NA,NA,NA,NA,NA,0
2016-06-15,1109,6029,1442,NA,NA,NA,NA,NA,NA,NA,0
2016-06-16,1169,6433,1535,NA,NA,NA,NA,NA,NA,NA,0
2016-06-17,1182,7420,1734,NA,NA,NA,NA,NA,NA,NA,0
2016-06-18,1182,9956,1896,NA,NA,NA,NA,NA,NA,NA,0
2016-06-19,2727,27286,3478,NA,NA,NA,NA,NA,NA,NA,0
2016-06-20,1875,13035,2267,NA,NA,NA,NA,NA,NA,NA,0
2016-06-21,1323,7714,1810,NA,NA,NA,NA,NA,NA,NA,0
2016-06-22,1145,6073,1627,NA,NA,NA,NA,NA,NA,NA,0
2016-06-23,944,5840,1494,NA,NA,NA,NA,NA,NA,NA,0
2016-06-24,846,5166,1361,NA,NA,NA,NA,NA,NA,NA,0
2016-06-25,850,4331,1193,NA,NA,NA,NA,NA,NA,NA,0
2016-06-26,814,4948,1323,NA,NA,NA,NA,NA,NA,NA,0
2016-06-27,803,4714,1304,NA,NA,NA,NA,NA,NA,NA,0
2016-06-28,946,4538,1317,NA,NA,NA,NA,NA,NA,NA,0
2016-06-29,942,4295,1695,NA,NA,NA,NA,NA,NA,NA,0
2016-06-30,950,4352,1621,NA,NA,NA,NA,NA,NA,NA,0
2016-07-01,919,4856,1449,NA,NA,NA,NA,NA,NA,NA,0
2016-07-02,1088,7835,1663,NA,NA,NA,NA,NA,NA,NA,0
2016-07-03,2712,31205,2948,NA,NA,NA,NA,NA,NA,NA,0
2016-07-04,2204,15102,2224,NA,NA,NA,NA,NA,NA,NA,0
2016-07-05,1583,8569,1747,NA,NA,NA,NA,NA,NA,NA,0
2016-07-06,1343,6152,1806,NA,NA,NA,NA,NA,NA,NA,0
2016-07-07,1212,6026,1687,NA,NA,NA,NA,NA,NA,NA,0
2016-07-08,1557,8069,3546,NA,NA,NA,NA,NA,NA,NA,0
2016-07-09,1791,9763,3178,NA,NA,NA,NA,NA,NA,NA,0
2016-07-10,3444,32323,4277,NA,NA,NA,NA,NA,NA,NA,0
2016-07-11,2292,15568,2868,NA,NA,NA,NA,NA,NA,NA,0
2016-07-12,1488,7304,2035,NA,NA,NA,NA,NA,NA,NA,0
2016-07-13,1116,5555,1719,NA,NA,NA,NA,NA,NA,NA,0
2016-07-14,1056,5001,1665,NA,NA,NA,NA,NA,NA,NA,0
2016-07-15,1030,4823,1524,NA,NA,NA,NA,NA,NA,NA,0
2016-07-16,962,4967,1367,NA,NA,NA,NA,NA,NA,NA,0
2016-07-17,988,5689,1914,NA,NA,NA,NA,NA,NA,NA,0
2016-07-18,1079,5433,2320,NA,NA,NA,NA,NA,NA,NA,0
2016-07-19,1233,5065,1881,NA,NA,NA,NA,NA,NA,NA,0
2016-07-20,1128,4702,1691,NA,NA,NA,NA,NA,NA,NA,0
2016-07-21,1105,5244,1936,NA,NA,NA,NA,NA,NA,NA,0
2016-07-22,1235,5925,2595,NA,NA,NA,NA,NA,NA,NA,0
2016-07-23,1323,8027,2227,1,1,1,2,1,1,1,1
2016-07-24,3203,26438,3607,NA,NA,NA,NA,NA,NA,NA,0
2016-07-25,2154,13263,2266,NA,NA,NA,NA,NA,NA,NA,0
2016-07-26,1504,7423,2074,NA,NA,NA,NA,NA,NA,NA,0
2016-07-27,1334,6414,2034,NA,NA,NA,NA,NA,NA,NA,0
2016-07-28,1352,6094,2336,197,NA,NA,NA,NA,NA,NA,0
2016-07-29,1479,7162,2197,1,NA,NA,NA,NA,NA,NA,0
2016-07-30,1734,9889,2546,NA,NA,NA,NA,NA,NA,NA,0
2016-07-31,3618,30547,4307,NA,NA,NA,NA,NA,NA,NA,0
2016-08-01,2459,13961,2980,NA,NA,NA,NA,NA,NA,NA,0
2016-08-02,1510,7149,2335,NA,NA,NA,NA,NA,NA,NA,0
2016-08-03,1272,5785,2204,NA,NA,NA,NA,NA,NA,NA,0
2016-08-04,1027,4996,2097,NA,NA,NA,NA,NA,NA,NA,0
2016-08-05,1056,4559,1694,NA,NA,NA,NA,NA,NA,NA,0
2016-08-06,880,4087,1468,NA,NA,NA,NA,NA,NA,NA,0
2016-08-07,774,4074,1592,NA,NA,NA,NA,NA,NA,NA,0
2016-08-08,842,4043,1605,NA,NA,NA,NA,NA,NA,NA,0
2016-08-09,729,3389,1477,NA,NA,NA,NA,NA,NA,NA,0
2016-08-10,781,5955,1681,NA,NA,NA,NA,NA,NA,NA,0
2016-08-11,807,4395,1746,NA,NA,NA,NA,NA,NA,NA,0
2016-08-12,588,3783,1662,343,NA,NA,NA,NA,NA,NA,0
2016-08-13,623,3431,1427,270,NA,NA,NA,NA,NA,NA,0
2016-08-14,670,3922,1691,258,NA,NA,NA,NA,NA,NA,0
2016-08-15,642,3870,1788,251,NA,NA,NA,NA,NA,NA,0
2016-08-16,628,3700,1660,271,NA,NA,NA,NA,NA,NA,0
2016-08-17,651,3524,1581,246,NA,NA,NA,NA,NA,NA,0
2016-08-18,642,3444,1610,248,NA,NA,NA,NA,NA,NA,0
2016-08-19,570,4199,1624,226,NA,NA,NA,NA,NA,NA,0
2016-08-20,590,4068,1736,90,NA,NA,NA,NA,NA,NA,0
2016-08-21,660,4722,1937,2,NA,NA,NA,NA,NA,NA,0
2016-08-22,761,5086,1984,2,NA,NA,NA,NA,NA,NA,0
2016-08-23,685,4468,1996,1,NA,NA,NA,NA,NA,NA,0
2016-08-24,786,4275,1947,NA,NA,NA,NA,NA,NA,NA,0
2016-08-25,919,4877,1959,NA,NA,NA,NA,NA,NA,NA,0
2016-08-26,957,5834,2186,2,NA,NA,NA,NA,NA,NA,0
2016-08-27,1051,8164,2568,1,NA,NA,NA,NA,NA,NA,0
2016-08-28,2177,22823,4722,2,NA,NA,NA,NA,NA,NA,0
2016-08-29,1618,13192,3347,1,NA,NA,NA,NA,NA,NA,0
2016-08-30,1249,7503,2845,2,NA,NA,NA,NA,NA,NA,0
2016-08-31,1068,6137,3013,1,NA,NA,NA,NA,NA,NA,0
2016-09-01,1370,7180,4123,11,NA,NA,NA,NA,NA,NA,0
2016-09-02,1369,7216,3887,2,NA,NA,NA,NA,NA,NA,0
2016-09-03,1944,11098,7433,5,NA,NA,NA,NA,NA,NA,0
2016-09-04,3294,26351,8471,10,NA,NA,NA,NA,NA,NA,0
2016-09-05,1844,12196,4794,1,NA,NA,NA,NA,NA,NA,0
2016-09-06,1456,7126,3673,5,NA,NA,NA,NA,NA,NA,0
2016-09-07,1119,5589,3074,1,NA,NA,NA,NA,NA,NA,0
2016-09-08,992,5483,2983,NA,NA,NA,NA,NA,NA,NA,0
2016-09-09,945,5158,2683,1,NA,NA,NA,NA,NA,NA,0
2016-09-10,869,4913,2552,NA,NA,NA,NA,NA,NA,NA,0
2016-09-11,905,5436,2760,NA,NA,NA,NA,NA,NA,NA,0
2016-09-12,941,5081,2765,NA,NA,NA,NA,NA,NA,NA,0
2016-09-13,851,4288,2514,NA,NA,NA,NA,NA,NA,NA,0
2016-09-14,873,4045,2279,NA,NA,NA,NA,NA,NA,NA,0
2016-09-15,820,4531,2580,1,NA,NA,NA,NA,NA,NA,0
2016-09-16,1115,5600,3010,NA,NA,NA,NA,NA,NA,NA,0
2016-09-17,1389,8325,3488,NA,NA,NA,NA,NA,NA,NA,0
2016-09-18,2980,26499,5512,6,NA,NA,NA,NA,NA,NA,0
2016-09-19,1980,14022,3836,1,NA,NA,NA,NA,NA,NA,0
2016-09-20,1275,6907,3112,NA,NA,NA,NA,NA,NA,NA,0
2016-09-21,997,5292,2981,NA,NA,NA,NA,NA,NA,NA,0
2016-09-22,949,5162,2949,NA,NA,NA,NA,NA,NA,NA,0
2016-09-23,970,4811,2687,1,NA,NA,NA,NA,NA,NA,0
2016-09-24,773,4677,2555,NA,NA,NA,NA,NA,NA,NA,0
2016-09-25,772,5125,2897,NA,NA,NA,NA,NA,NA,NA,0
2016-09-26,875,4609,2675,2,NA,NA,NA,NA,NA,NA,0
2016-09-27,843,3925,2504,NA,NA,NA,NA,NA,NA,NA,0
2016-09-28,836,4081,2836,1,NA,NA,NA,NA,NA,NA,0
2016-09-29,908,4704,2842,3,NA,NA,NA,NA,NA,NA,0
2016-09-30,885,4923,2259,1,NA,NA,NA,NA,NA,NA,0
2016-10-01,1242,8351,2946,NA,NA,NA,NA,NA,NA,NA,0
2016-10-02,3577,34462,5084,2,NA,NA,NA,NA,NA,NA,0
2016-10-03,2012,13326,3618,NA,NA,NA,NA,NA,NA,NA,0
2016-10-04,1319,7422,2652,NA,NA,NA,NA,NA,NA,NA,0
2016-10-05,1136,5871,2455,NA,NA,NA,NA,NA,NA,NA,0
2016-10-06,1163,5691,2309,NA,NA,NA,NA,NA,NA,NA,0
2016-10-07,1302,5894,2453,NA,NA,NA,NA,NA,NA,NA,0
2016-10-08,1602,9111,3045,2,NA,NA,NA,NA,NA,NA,0
2016-10-09,3646,30688,5437,1,NA,NA,NA,NA,NA,NA,0
2016-10-10,1885,11063,3586,1,NA,NA,NA,NA,NA,NA,0
2016-10-11,1392,6528,2667,NA,NA,NA,NA,NA,NA,NA,0
2016-10-12,1072,5252,2616,2,NA,NA,NA,NA,NA,NA,0
2016-10-13,938,4644,2891,NA,NA,NA,NA,NA,NA,NA,0
2016-10-14,1092,6454,7035,4,NA,NA,NA,NA,NA,NA,0
2016-10-15,940,5206,3979,3,NA,NA,NA,NA,NA,NA,0
2016-10-16,914,5813,3643,NA,NA,NA,NA,NA,NA,NA,0
2016-10-17,809,5033,3475,1,NA,NA,NA,NA,NA,NA,0
2016-10-18,907,4506,3340,1,NA,NA,NA,NA,NA,NA,0
2016-10-19,849,4242,2871,NA,NA,NA,NA,NA,NA,NA,0
2016-10-20,834,4471,2778,NA,NA,NA,NA,NA,NA,NA,0
2016-10-21,1089,5838,3412,NA,NA,NA,NA,NA,NA,NA,0
2016-10-22,1279,8302,5393,NA,NA,NA,NA,NA,NA,NA,0
2016-10-23,2304,23245,8058,4,NA,NA,NA,NA,NA,NA,0
2016-10-24,2343,20752,5500,NA,NA,NA,NA,NA,NA,NA,0
2016-10-25,1406,8137,3447,3,NA,NA,NA,NA,NA,NA,0
2016-10-26,1090,5841,2724,NA,NA,NA,NA,NA,NA,NA,0
2016-10-27,1204,5748,2779,NA,NA,NA,NA,NA,NA,NA,0
2016-10-28,1402,6536,2955,2,NA,NA,NA,NA,NA,NA,0
2016-10-29,1490,8911,3244,NA,NA,NA,NA,NA,NA,NA,0
2016-10-30,2984,23784,5387,3,NA,NA,NA,NA,NA,NA,0
2016-10-31,2461,24874,4817,1,NA,NA,NA,NA,NA,NA,0
2016-11-01,1349,8825,3636,NA,NA,NA,NA,NA,NA,NA,0
2016-11-02,1096,6387,3202,NA,NA,NA,NA,NA,NA,NA,0
2016-11-03,1084,7002,7414,NA,NA,NA,NA,NA,NA,NA,0
2016-11-04,960,5921,4816,1,NA,NA,NA,NA,NA,NA,0
2016-11-05,889,5824,3696,1,NA,NA,NA,NA,NA,NA,0
2016-11-06,1033,5902,3326,1,NA,NA,NA,NA,NA,NA,0
2016-11-07,1092,5648,3195,NA,NA,NA,NA,NA,NA,NA,0
2016-11-08,817,4502,2748,NA,NA,NA,NA,NA,NA,NA,0
2016-11-09,814,5720,6948,3,NA,NA,NA,NA,NA,NA,0
2016-11-10,1027,7035,9786,2,NA,NA,NA,NA,NA,NA,0
2016-11-11,1095,7599,8989,NA,NA,NA,NA,NA,NA,NA,0
2016-11-12,1485,10998,7174,1,NA,NA,NA,NA,NA,NA,0
2016-11-13,3882,39684,9900,2,NA,NA,NA,NA,NA,NA,0
2016-11-14,3135,26948,7357,5,NA,NA,NA,NA,NA,NA,0
2016-11-15,1735,10504,4892,NA,NA,NA,NA,NA,NA,NA,0
2016-11-16,1322,7394,3988,NA,NA,NA,NA,NA,NA,NA,0
2016-11-17,1123,6632,3656,NA,NA,NA,NA,NA,NA,NA,0
2016-11-18,983,6080,3652,NA,NA,NA,NA,NA,NA,NA,0
2016-11-19,1016,6267,3614,NA,NA,NA,NA,NA,NA,NA,0
2016-11-20,1248,7064,4042,NA,NA,NA,NA,NA,NA,NA,0
2016-11-21,1178,7200,6022,3,NA,NA,NA,NA,NA,NA,0
2016-11-22,1186,6036,4816,1,NA,NA,NA,NA,NA,NA,0
2016-11-23,1162,5797,4096,NA,NA,NA,NA,NA,NA,NA,0
2016-11-24,1544,7050,4635,2,NA,NA,NA,NA,NA,NA,0
2016-11-25,1662,8352,6118,2,NA,NA,NA,NA,NA,NA,0
2016-11-26,2083,12704,7176,1,NA,NA,NA,NA,NA,NA,0
2016-11-27,7952,58084,25379,7,NA,NA,NA,NA,NA,NA,0
2016-11-28,5604,31826,17563,7,NA,NA,NA,NA,NA,NA,0
2016-11-29,2657,12859,9502,1,NA,NA,NA,NA,NA,NA,0
2016-11-30,2055,9681,8918,NA,NA,NA,NA,NA,NA,NA,0
2016-12-01,1512,7502,6890,4,NA,NA,NA,NA,NA,NA,0
2016-12-02,4231,23058,27562,2,NA,NA,NA,NA,NA,NA,0
2016-12-03,2677,12085,13522,2,NA,NA,NA,NA,NA,NA,0
2016-12-04,1924,7789,9148,NA,NA,NA,NA,NA,NA,NA,0
2016-12-05,1674,7476,9795,1,NA,NA,NA,NA,NA,NA,0
2016-12-06,1389,6230,8452,192,NA,NA,NA,NA,NA,NA,0
2016-12-07,1143,5217,7269,8,NA,NA,NA,NA,NA,NA,0
2016-12-08,1064,4871,6109,5,NA,NA,NA,NA,NA,NA,0
2016-12-09,921,4355,5563,2,NA,NA,NA,NA,NA,NA,0
2016-12-10,890,4105,5265,NA,NA,NA,NA,NA,NA,NA,0
2016-12-11,949,3957,5509,NA,NA,NA,NA,NA,NA,NA,0
2016-12-12,1016,4390,5824,NA,NA,NA,NA,NA,NA,NA,0
2016-12-13,896,3891,5538,NA,NA,NA,NA,NA,NA,NA,0
2016-12-14,841,3599,5091,NA,NA,NA,NA,NA,NA,NA,0
2016-12-15,886,3724,4846,NA,NA,NA,NA,NA,NA,NA,0
2016-12-16,832,3569,4373,NA,NA,NA,NA,NA,NA,NA,0
2016-12-17,727,3292,4178,NA,NA,NA,NA,NA,NA,NA,0
2016-12-18,849,3430,4593,NA,NA,NA,NA,NA,NA,NA,0
2016-12-19,767,3337,4969,NA,NA,NA,NA,NA,NA,NA,0
2016-12-20,850,3692,6896,735,NA,NA,NA,NA,NA,NA,0
2016-12-21,786,3805,6934,817,NA,NA,NA,NA,NA,NA,0
2016-12-22,808,2999,5382,717,NA,NA,NA,NA,NA,NA,0
2016-12-23,649,2704,4648,758,NA,NA,NA,NA,NA,NA,0
2016-12-24,610,2524,4319,709,NA,NA,NA,NA,NA,NA,0
2016-12-25,614,2712,4165,656,NA,NA,NA,NA,NA,NA,0
2016-12-26,695,2980,4673,705,NA,NA,NA,NA,NA,NA,0
2016-12-27,2456,3008,5054,727,NA,NA,NA,NA,NA,NA,0
2016-12-28,759,2823,4954,723,NA,NA,NA,NA,NA,NA,0
2016-12-29,687,2860,4648,707,NA,NA,NA,NA,NA,NA,0
2016-12-30,699,3029,4350,711,NA,NA,NA,NA,NA,NA,0
2016-12-31,593,2801,4417,602,NA,NA,NA,NA,NA,NA,0
2017-01-01,639,2547,5442,744,NA,NA,NA,NA,NA,NA,0
2017-01-02,778,3213,9351,986,NA,NA,NA,NA,NA,NA,0
2017-01-03,766,2854,8582,927,NA,NA,NA,NA,NA,NA,0
2017-01-04,737,2505,7169,752,NA,NA,NA,NA,NA,NA,0
2017-01-05,705,2513,6873,732,NA,NA,NA,NA,NA,NA,0
2017-01-06,759,3017,8242,811,NA,NA,NA,NA,NA,NA,0
2017-01-07,703,2475,6659,659,NA,NA,NA,NA,NA,NA,0
2017-01-08,626,2151,6210,723,NA,NA,NA,NA,NA,NA,0
2017-01-09,618,2385,6452,734,NA,NA,NA,NA,NA,NA,0
2017-01-10,613,2128,6228,683,NA,NA,NA,NA,NA,NA,0
2017-01-11,564,2045,5589,714,NA,NA,NA,NA,NA,NA,0
2017-01-12,565,1890,5259,675,NA,NA,NA,NA,NA,NA,0
2017-01-13,554,1797,4799,585,NA,NA,NA,NA,NA,NA,0
2017-01-14,517,1797,5015,672,NA,NA,NA,NA,NA,NA,0
2017-01-15,605,2019,5563,731,NA,NA,NA,NA,NA,NA,0
2017-01-16,984,4000,18077,1465,NA,NA,NA,NA,NA,NA,0
2017-01-17,850,3225,11155,1117,NA,NA,NA,NA,NA,NA,0
2017-01-18,689,2532,7491,883,NA,NA,NA,NA,NA,NA,0
2017-01-19,630,2183,6475,722,NA,NA,NA,NA,NA,NA,0
2017-01-20,534,1847,5745,695,NA,NA,NA,NA,NA,NA,0
2017-01-21,521,1790,5607,792,NA,NA,NA,NA,NA,NA,0
2017-01-22,504,1816,5817,715,NA,NA,NA,NA,NA,NA,0
2017-01-23,547,2196,6251,763,NA,NA,NA,NA,NA,NA,0
2017-01-24,509,2170,6581,790,NA,NA,NA,NA,NA,NA,0
2017-01-25,493,1764,5459,736,NA,NA,NA,NA,NA,NA,0
2017-01-26,490,1740,5216,598,NA,NA,NA,NA,NA,NA,0
2017-01-27,731,2484,8890,935,NA,NA,NA,NA,NA,NA,0
2017-01-28,569,1951,6881,850,NA,NA,NA,NA,NA,NA,0
2017-01-29,569,2104,6724,769,NA,NA,NA,NA,NA,NA,0
2017-01-30,601,1987,5960,689,NA,NA,NA,NA,NA,NA,0
2017-01-31,546,1793,5452,635,NA,NA,NA,NA,NA,NA,0
2017-02-01,491,1568,5164,572,NA,NA,NA,NA,NA,NA,0
2017-02-02,513,2118,5337,628,NA,NA,NA,NA,NA,NA,0
2017-02-03,619,1940,6333,640,NA,NA,NA,NA,NA,NA,0
2017-02-04,447,1674,5733,724,NA,NA,NA,NA,NA,NA,0
2017-02-05,526,1679,5764,706,NA,NA,NA,NA,NA,NA,0
2017-02-06,416,1685,5666,722,NA,NA,NA,NA,NA,NA,0
2017-02-07,494,1850,5111,599,NA,NA,NA,NA,NA,NA,0
2017-02-08,458,1636,4774,709,NA,NA,NA,NA,NA,NA,0
2017-02-09,465,1615,4675,618,NA,NA,NA,NA,NA,NA,0
2017-02-10,443,1716,4826,579,NA,NA,NA,NA,NA,NA,0
2017-02-11,466,1561,4824,617,NA,NA,NA,NA,NA,NA,0
2017-02-12,486,1672,5469,737,NA,NA,NA,NA,NA,NA,0
2017-02-13,482,1733,5362,682,NA,NA,NA,NA,NA,NA,0
2017-02-14,471,1703,4941,522,NA,NA,NA,NA,NA,NA,0
2017-02-15,482,1721,5070,595,NA,NA,NA,NA,NA,NA,0
2017-02-16,492,1787,4944,594,NA,NA,NA,NA,NA,NA,0
2017-02-17,473,1792,5603,636,NA,NA,NA,NA,NA,NA,0
2017-02-18,545,1576,5571,628,NA,NA,NA,NA,NA,NA,0
2017-02-19,537,1697,5869,704,NA,NA,NA,NA,NA,NA,0
2017-02-20,641,2115,7641,733,NA,NA,NA,NA,NA,NA,0
2017-02-21,649,2347,8011,755,NA,NA,NA,NA,NA,NA,0
2017-02-22,742,2459,8116,866,NA,NA,NA,NA,NA,NA,0
2017-02-23,606,2288,8351,787,NA,NA,NA,NA,NA,NA,0
2017-02-24,827,2739,10707,867,NA,NA,NA,NA,NA,NA,0
2017-02-25,714,2173,8505,859,NA,NA,NA,NA,NA,NA,0
2017-02-26,696,2482,10579,937,NA,NA,NA,NA,NA,NA,0
2017-02-27,792,3258,11016,856,NA,NA,NA,NA,NA,NA,0
2017-02-28,809,2593,10108,848,NA,NA,NA,NA,NA,NA,0
2017-03-01,733,2409,8833,851,NA,NA,NA,NA,NA,NA,0
2017-03-02,648,2063,7745,814,NA,NA,NA,NA,NA,NA,0
2017-03-03,610,1905,6638,696,NA,NA,NA,NA,NA,NA,0
2017-03-04,644,1732,6343,663,NA,NA,NA,NA,NA,NA,0
2017-03-05,705,1870,7225,765,NA,NA,NA,NA,NA,NA,0
2017-03-06,582,1775,6017,740,NA,NA,NA,NA,NA,NA,0
2017-03-07,659,1821,5922,655,NA,NA,NA,NA,NA,NA,0
2017-03-08,600,1876,6047,622,NA,NA,NA,NA,NA,NA,0
2017-03-09,657,1920,6062,685,NA,NA,NA,NA,NA,NA,0
2017-03-10,656,2122,6865,666,NA,NA,NA,NA,NA,NA,0
2017-03-11,649,1852,6556,675,NA,NA,NA,NA,NA,NA,0
2017-03-12,697,1950,7313,789,NA,NA,NA,NA,NA,NA,0
2017-03-13,680,1963,6369,779,NA,NA,NA,NA,NA,NA,0
2017-03-14,634,2050,6264,783,NA,NA,NA,NA,NA,NA,0
2017-03-15,585,1799,5503,657,NA,NA,NA,NA,NA,NA,0
2017-03-16,663,1845,5753,686,NA,NA,NA,NA,NA,NA,0
2017-03-17,645,1907,5916,693,NA,NA,NA,NA,NA,NA,0
2017-03-18,585,1874,6245,705,NA,NA,NA,NA,NA,NA,0
2017-03-19,736,2203,7679,849,NA,NA,NA,NA,NA,NA,0
2017-03-20,741,2382,7663,846,NA,NA,NA,NA,NA,NA,0
2017-03-21,871,2627,8599,789,NA,NA,NA,NA,NA,NA,0
2017-03-22,890,2833,9022,877,NA,NA,NA,NA,NA,NA,0
2017-03-23,925,3274,10977,788,NA,NA,NA,NA,NA,NA,0
2017-03-24,1071,4678,15083,1065,NA,NA,NA,NA,NA,NA,0
2017-03-25,1621,6749,25514,1562,NA,NA,NA,NA,NA,NA,0
2017-03-26,4083,12196,50922,2531,NA,NA,NA,NA,NA,NA,0
2017-03-27,1813,4523,19167,1165,NA,NA,NA,NA,NA,NA,0
2017-03-28,1125,2593,10436,971,NA,NA,NA,NA,NA,NA,0
2017-03-29,950,2202,8353,811,NA,NA,NA,NA,NA,NA,0
2017-03-30,809,1775,7225,667,NA,NA,NA,NA,NA,NA,0
2017-03-31,638,1684,7425,669,NA,NA,NA,NA,NA,NA,0
2017-04-01,688,1646,8183,792,NA,NA,NA,NA,NA,NA,0
2017-04-02,760,1740,8419,877,NA,NA,NA,NA,NA,NA,0
2017-04-03,786,1626,6978,669,NA,NA,NA,NA,NA,NA,0
2017-04-04,705,1557,6269,651,NA,NA,NA,NA,NA,NA,0
2017-04-05,642,1719,6294,643,NA,NA,NA,NA,NA,NA,0
2017-04-06,764,1729,6778,651,NA,NA,NA,NA,NA,NA,0
2017-04-07,702,1780,9308,2916,NA,NA,NA,NA,NA,NA,0
2017-04-08,1065,2989,12458,1510,NA,NA,NA,NA,NA,NA,0
2017-04-09,1775,5339,36344,1938,NA,NA,NA,NA,NA,NA,0
2017-04-10,1072,2955,14257,1165,NA,NA,NA,NA,NA,NA,0
2017-04-11,978,2188,8925,1604,NA,NA,NA,NA,NA,NA,0
2017-04-12,1059,2590,10911,1597,NA,NA,NA,NA,NA,NA,0
2017-04-13,1021,2280,8928,1062,NA,NA,NA,NA,NA,NA,0
2017-04-14,1096,2621,11104,1157,NA,NA,NA,NA,NA,NA,0
2017-04-15,1234,3262,13838,1218,NA,NA,NA,NA,NA,NA,0
2017-04-16,2174,5731,36490,1913,NA,NA,NA,NA,NA,NA,0
2017-04-17,1792,4153,20190,1564,NA,NA,NA,NA,NA,NA,0
2017-04-18,1269,2603,10989,1013,NA,NA,NA,NA,NA,NA,0
2017-04-19,925,2063,8185,978,NA,NA,NA,NA,NA,NA,0
2017-04-20,758,1652,6669,751,NA,NA,NA,NA,NA,NA,0
2017-04-21,842,1482,6502,797,NA,NA,NA,NA,NA,NA,0
2017-04-22,738,1430,7181,786,NA,NA,NA,NA,NA,NA,0
2017-04-23,767,1492,7878,808,NA,NA,NA,NA,NA,NA,0
2017-04-24,766,1520,6830,843,NA,NA,NA,NA,NA,NA,0
2017-04-25,808,1656,6214,908,NA,NA,NA,NA,NA,NA,0
2017-04-26,695,1396,5640,815,NA,NA,NA,NA,NA,NA,0
2017-04-27,729,1491,6179,729,NA,NA,NA,NA,NA,NA,0
2017-04-28,657,1657,7179,738,NA,NA,NA,NA,NA,NA,0
2017-04-29,1382,2716,12381,1138,NA,NA,NA,NA,NA,NA,0
2017-04-30,1966,4783,38547,2642,NA,NA,NA,NA,NA,NA,0
2017-05-01,1266,2905,17425,1678,NA,NA,NA,NA,NA,NA,0
2017-05-02,947,1940,9912,1078,NA,NA,NA,NA,NA,NA,0
2017-05-03,773,1636,7548,874,NA,NA,NA,NA,NA,NA,0
2017-05-04,740,1500,6487,871,NA,NA,NA,NA,NA,NA,0
2017-05-05,655,1331,6736,819,NA,NA,NA,NA,NA,NA,0
2017-05-06,698,1276,7726,827,NA,NA,NA,NA,NA,NA,0
2017-05-07,636,1290,7853,838,NA,NA,NA,NA,NA,NA,0
2017-05-08,603,1355,6104,790,NA,NA,NA,NA,NA,NA,0
2017-05-09,600,1352,5509,763,NA,NA,NA,NA,NA,NA,0
2017-05-10,597,1151,5037,787,NA,NA,NA,NA,NA,NA,0
2017-05-11,582,1340,5752,786,NA,NA,NA,NA,NA,NA,0
2017-05-12,651,1508,7197,1967,189,NA,NA,NA,NA,NA,0
2017-05-13,826,1994,10670,1362,243,NA,NA,NA,NA,NA,0
2017-05-14,1313,3610,33282,1971,330,NA,NA,NA,NA,NA,0
2017-05-15,1013,2349,15313,1274,232,NA,1,NA,NA,NA,0
2017-05-16,855,1751,8329,1072,202,NA,NA,NA,NA,NA,0
2017-05-17,751,2219,6841,933,189,NA,NA,NA,NA,NA,0
2017-05-18,673,1565,6206,830,181,NA,NA,NA,NA,NA,0
2017-05-19,617,1425,6407,922,425,NA,NA,NA,NA,NA,0
2017-05-20,679,1259,7337,1040,64,NA,2,NA,NA,NA,0
2017-05-21,703,1410,8531,947,NA,NA,NA,NA,NA,NA,0
2017-05-22,767,1346,6283,917,1,NA,NA,NA,NA,NA,0
2017-05-23,647,1244,5209,771,NA,NA,NA,NA,NA,NA,0
2017-05-24,715,1340,5691,754,NA,NA,NA,NA,NA,NA,0
2017-05-25,706,1609,7111,1023,NA,NA,NA,NA,NA,NA,0
2017-05-26,670,1371,6703,942,NA,NA,NA,NA,NA,NA,0
2017-05-27,990,2262,12699,1238,NA,NA,NA,NA,NA,NA,0
2017-05-28,2291,5777,40147,2288,NA,NA,NA,NA,NA,NA,0
2017-05-29,1568,3428,18395,1469,NA,NA,NA,NA,NA,NA,0
2017-05-30,1193,2383,10268,1267,NA,NA,NA,NA,NA,NA,0
2017-05-31,974,2002,7767,1098,NA,NA,NA,NA,NA,NA,0
2017-06-01,859,1639,7020,940,NA,NA,NA,NA,NA,NA,0
2017-06-02,766,1497,6356,824,NA,NA,NA,NA,NA,NA,0
2017-06-03,755,1514,6850,1021,NA,NA,NA,NA,NA,NA,0
2017-06-04,722,1395,7365,1085,NA,NA,NA,NA,NA,NA,0
2017-06-05,792,1700,6702,928,NA,NA,NA,NA,NA,NA,0
2017-06-06,742,1531,6006,994,NA,NA,NA,NA,NA,NA,0
2017-06-07,705,1423,5829,1090,NA,NA,NA,NA,NA,NA,0
2017-06-08,729,1550,5999,931,NA,NA,NA,NA,NA,NA,0
2017-06-09,715,1479,7236,1125,NA,NA,NA,NA,NA,NA,0
2017-06-10,824,1899,10624,1303,NA,NA,NA,NA,NA,NA,0
2017-06-11,1531,4001,31533,2179,NA,NA,NA,NA,NA,NA,0
2017-06-12,1266,3023,23111,1844,13,NA,NA,NA,NA,NA,0
2017-06-13,940,1980,9917,1361,54,NA,NA,NA,NA,NA,0
2017-06-14,811,1675,7490,1210,NA,NA,NA,NA,NA,NA,0
2017-06-15,717,1429,6709,1108,NA,NA,NA,NA,NA,NA,0
2017-06-16,634,1299,7047,1060,NA,NA,NA,NA,NA,NA,0
2017-06-17,652,1296,7075,1082,NA,NA,NA,NA,NA,NA,0
2017-06-18,659,1322,7519,1102,NA,NA,NA,NA,NA,NA,0
2017-06-19,674,1624,7420,3550,NA,NA,NA,NA,NA,NA,0
2017-06-20,700,1554,6467,2952,NA,NA,NA,NA,NA,NA,0
2017-06-21,714,1486,5826,1818,NA,NA,NA,NA,NA,NA,0
2017-06-22,674,1537,5870,1487,NA,NA,NA,NA,NA,NA,0
2017-06-23,678,1687,7313,1479,NA,NA,NA,NA,NA,NA,0
2017-06-24,939,2386,11989,1943,NA,NA,NA,NA,NA,NA,0
2017-06-25,1898,4962,43117,3338,NA,NA,NA,NA,NA,NA,0
2017-06-26,1595,3701,22856,2197,NA,NA,NA,NA,NA,NA,0
2017-06-27,1111,2345,11108,1610,NA,NA,NA,NA,NA,NA,0
2017-06-28,1029,1942,8322,1491,NA,NA,NA,NA,NA,NA,0
2017-06-29,834,1677,7007,1458,NA,NA,NA,NA,NA,NA,0
2017-06-30,795,1648,6463,1112,NA,NA,NA,NA,NA,NA,0
2017-07-01,747,1490,7688,1134,NA,NA,NA,NA,NA,NA,0
2017-07-02,803,1521,8127,1334,NA,NA,NA,NA,NA,NA,0
2017-07-03,741,1583,7670,1122,NA,NA,NA,NA,NA,NA,0
2017-07-04,785,1578,6069,1153,NA,NA,NA,NA,NA,NA,0
2017-07-05,755,1416,5408,1104,NA,NA,NA,NA,NA,NA,0
2017-07-06,771,1559,6047,1097,NA,NA,NA,NA,NA,NA,0
2017-07-07,799,1693,7619,1357,NA,NA,NA,NA,NA,NA,0
2017-07-08,928,2048,10534,1562,NA,NA,NA,NA,NA,NA,0
2017-07-09,1723,3912,37575,2675,NA,NA,NA,NA,NA,NA,0
2017-07-10,1381,2876,18223,2080,NA,NA,NA,NA,NA,NA,0
2017-07-11,1053,1974,9841,1826,NA,NA,NA,NA,NA,NA,0
2017-07-12,997,1771,8047,1816,NA,NA,NA,NA,NA,NA,0
2017-07-13,924,1719,7595,1405,NA,NA,NA,NA,NA,NA,0
2017-07-14,899,1835,8719,1465,NA,NA,NA,NA,NA,NA,0
2017-07-15,1175,2411,11946,1716,NA,NA,NA,NA,NA,NA,0
2017-07-16,2081,4637,38618,2597,NA,NA,NA,NA,NA,NA,0
2017-07-17,1553,2836,17270,1981,NA,NA,NA,NA,NA,NA,0
2017-07-18,1184,2535,9278,1523,NA,NA,NA,NA,NA,NA,0
2017-07-19,1077,2035,7308,1555,NA,NA,NA,NA,NA,NA,0
2017-07-20,857,1554,6288,1561,NA,NA,NA,NA,NA,NA,0
2017-07-21,867,1515,6586,1894,NA,NA,NA,NA,NA,NA,0
2017-07-22,759,1400,7012,1916,NA,NA,NA,NA,NA,NA,0
2017-07-23,801,1390,7448,1542,NA,NA,NA,NA,NA,NA,0
2017-07-24,875,1507,6457,1555,NA,NA,NA,NA,NA,NA,0
2017-07-25,748,1413,5625,1419,NA,NA,NA,NA,NA,NA,0
2017-07-26,955,1508,5702,1399,NA,NA,NA,NA,NA,NA,0
2017-07-27,752,1413,5802,1766,NA,NA,NA,NA,NA,NA,0
2017-07-28,778,1574,7218,2109,NA,NA,NA,NA,NA,NA,0
2017-07-29,1078,2145,13394,1936,NA,NA,NA,NA,NA,NA,0
2017-07-30,1903,4236,42890,2989,NA,NA,NA,NA,NA,NA,0
2017-07-31,1527,2977,19992,2229,NA,NA,NA,NA,NA,NA,0
2017-08-01,1133,2146,10197,1714,NA,NA,NA,NA,NA,NA,0
2017-08-02,1058,1903,8532,1614,NA,NA,NA,NA,NA,NA,0
2017-08-03,937,1602,6618,1581,NA,NA,NA,NA,NA,NA,0
2017-08-04,798,1390,5865,1411,NA,NA,NA,NA,NA,NA,0
2017-08-05,800,1420,5847,1190,NA,NA,NA,NA,NA,NA,0
2017-08-06,729,1302,6298,1211,NA,NA,NA,NA,NA,NA,0
2017-08-07,741,1276,5538,1354,NA,NA,NA,NA,NA,NA,0
2017-08-08,719,1269,5251,1355,NA,NA,NA,NA,NA,NA,0
2017-08-09,691,1173,4797,1346,NA,NA,NA,NA,NA,NA,0
2017-08-10,683,1219,4724,1148,NA,NA,NA,NA,NA,NA,0
2017-08-11,736,1232,4722,1081,NA,NA,NA,NA,NA,NA,0
2017-08-12,638,1033,4933,974,NA,NA,NA,NA,NA,NA,0
2017-08-13,583,1030,6415,1076,NA,NA,NA,NA,NA,NA,0
2017-08-14,567,946,5108,1157,NA,NA,NA,NA,NA,NA,0
2017-08-15,522,940,4468,1041,NA,NA,NA,NA,NA,NA,0
2017-08-16,574,927,4775,1053,NA,NA,NA,NA,NA,NA,0
2017-08-17,477,1063,5179,1225,NA,NA,NA,NA,NA,NA,0
2017-08-18,576,1073,5867,1165,NA,NA,NA,NA,NA,NA,0
2017-08-19,505,972,8131,1173,NA,NA,NA,NA,NA,NA,0
2017-08-20,532,953,8368,1244,47,NA,NA,NA,NA,NA,0
2017-08-21,553,1029,6211,1275,NA,NA,NA,NA,NA,NA,0
2017-08-22,699,1351,6666,2898,NA,NA,NA,NA,NA,NA,0
2017-08-23,641,1168,6122,2617,NA,NA,NA,NA,NA,NA,0
2017-08-24,687,1221,6119,1847,NA,NA,NA,NA,NA,NA,0
2017-08-25,619,1235,6890,1729,NA,NA,NA,NA,NA,NA,0
2017-08-26,891,1823,10460,3047,NA,NA,NA,NA,NA,NA,0
2017-08-27,1370,3058,27979,3726,NA,NA,NA,NA,NA,NA,0
2017-08-28,962,2102,15959,2728,NA,NA,NA,NA,NA,NA,0
2017-08-29,866,1778,9538,2090,NA,NA,NA,NA,NA,NA,0
2017-08-30,939,1715,8167,2015,NA,NA,NA,NA,NA,NA,0
2017-08-31,887,1617,7591,1912,NA,NA,NA,NA,NA,NA,0
2017-09-01,800,1504,8656,2076,NA,NA,NA,NA,NA,NA,0
2017-09-02,1261,2460,13990,2672,NA,NA,NA,NA,NA,NA,0
2017-09-03,1949,4387,37614,4240,NA,NA,NA,NA,NA,NA,0
2017-09-04,1274,2589,16565,3000,NA,NA,NA,NA,NA,NA,0
2017-09-05,1139,1963,9552,2536,NA,NA,NA,NA,NA,NA,0
2017-09-06,966,1667,7592,2423,NA,NA,NA,NA,NA,NA,0
2017-09-07,928,1684,7031,2196,NA,NA,NA,NA,NA,NA,0
2017-09-08,809,1467,7060,2097,NA,NA,NA,NA,NA,NA,0
2017-09-09,787,1361,8131,3211,NA,NA,NA,NA,NA,NA,0
2017-09-10,959,1641,8511,4440,NA,NA,NA,NA,NA,NA,0
2017-09-11,977,1619,7073,3166,NA,NA,NA,NA,NA,NA,0
2017-09-12,903,1509,6301,3262,NA,NA,NA,NA,NA,NA,0
2017-09-13,871,1516,7090,4854,NA,NA,NA,NA,NA,NA,0
2017-09-14,932,1654,7322,4212,NA,NA,NA,NA,NA,NA,0
2017-09-15,1124,2041,10724,10270,134,NA,NA,NA,NA,NA,0
2017-09-16,1248,2477,14149,6575,352,NA,NA,NA,NA,NA,0
2017-09-17,2389,5144,46651,9419,1581,NA,NA,NA,NA,NA,0
2017-09-18,1841,3513,22899,5745,1018,NA,NA,NA,NA,NA,0
2017-09-19,1376,2358,11593,4101,836,NA,NA,NA,NA,NA,0
2017-09-20,1157,1759,8365,3079,631,NA,NA,NA,NA,NA,0
2017-09-21,946,1480,7580,2865,612,NA,NA,NA,NA,NA,0
2017-09-22,974,1453,7114,2669,556,NA,NA,NA,NA,NA,0
2017-09-23,899,1347,7965,2653,590,NA,NA,NA,NA,NA,0
2017-09-24,861,1537,8453,2669,615,NA,NA,NA,NA,NA,0
2017-09-25,955,1541,7037,4036,703,NA,NA,NA,NA,NA,0
2017-09-26,1383,1750,9566,4242,777,NA,NA,NA,NA,NA,0
2017-09-27,1085,1516,6634,3397,808,NA,306,NA,NA,NA,0
2017-09-28,1009,1479,7078,3313,887,NA,694,NA,NA,NA,0
2017-09-29,780,1392,6880,3669,940,NA,584,NA,NA,NA,0
2017-09-30,1177,2177,11785,4549,1009,NA,541,NA,NA,NA,0
2017-10-01,1880,3942,37469,7487,1469,NA,855,NA,NA,NA,0
2017-10-02,1291,2316,14756,3930,837,NA,500,NA,NA,NA,0
2017-10-03,1095,1892,8430,3188,611,NA,398,NA,NA,NA,0
2017-10-04,950,1592,7372,2940,625,NA,352,NA,NA,NA,0
2017-10-05,1051,1818,7036,2718,498,NA,NA,NA,NA,NA,0
2017-10-06,956,1592,6850,2575,496,NA,NA,NA,NA,NA,0
2017-10-07,1487,2792,13534,4194,691,NA,NA,NA,NA,NA,0
2017-10-08,2840,5456,39553,6646,1063,NA,NA,NA,NA,NA,0
2017-10-09,1468,2685,14284,3707,605,NA,NA,NA,NA,NA,0
2017-10-10,1092,1826,7783,2867,501,NA,NA,NA,NA,NA,0
2017-10-11,992,1514,6297,2530,451,NA,NA,NA,NA,NA,0
2017-10-12,1142,1529,6480,2576,446,NA,NA,NA,NA,NA,0
2017-10-13,925,1525,7621,2733,454,NA,NA,NA,NA,NA,0
2017-10-14,1042,1385,7463,2707,501,NA,NA,NA,NA,NA,0
2017-10-15,1030,1476,6967,2634,434,NA,NA,NA,NA,NA,0
2017-10-16,1144,1480,6416,2492,383,NA,NA,NA,NA,NA,0
2017-10-17,841,1247,5618,2216,360,NA,3,NA,NA,NA,0
2017-10-18,801,1200,5253,2333,363,NA,NA,NA,NA,NA,0
2017-10-19,817,1326,6349,3722,549,NA,1,NA,NA,NA,0
2017-10-20,923,1597,8334,3875,757,NA,NA,NA,NA,NA,0
2017-10-21,1156,1977,10871,3770,803,NA,1,NA,NA,NA,0
2017-10-22,1972,3919,28857,5587,1020,NA,NA,NA,NA,NA,0
2017-10-23,2165,3899,26073,5017,1019,NA,3,NA,NA,NA,0
2017-10-24,1448,2214,10594,3410,640,NA,1,NA,NA,NA,0
2017-10-25,1776,2243,8643,3248,603,NA,NA,NA,NA,NA,0
2017-10-26,1524,2078,7758,3101,576,NA,1,NA,NA,NA,0
2017-10-27,1310,2038,8365,3192,609,NA,NA,NA,NA,NA,0
2017-10-28,1486,2299,11303,3841,742,NA,4,NA,NA,NA,0
2017-10-29,2786,5189,37494,7287,1254,NA,NA,NA,NA,NA,0
2017-10-30,2970,5512,33402,7921,1348,NA,NA,NA,NA,NA,0
2017-10-31,1556,2598,11427,4489,777,NA,NA,NA,NA,NA,0
2017-11-01,1311,1959,7997,3809,741,NA,NA,NA,NA,NA,0
2017-11-02,1313,2009,7238,3462,677,NA,NA,NA,NA,NA,0
2017-11-03,1025,1592,6155,3164,666,NA,NA,NA,NA,NA,0
2017-11-04,1213,1739,7177,4085,664,NA,NA,NA,NA,NA,0
2017-11-05,1025,1487,6541,3666,653,NA,NA,NA,NA,NA,0
2017-11-06,1006,1497,6151,3739,585,NA,NA,NA,NA,NA,0
2017-11-07,931,1439,5599,3067,551,NA,1,NA,NA,NA,0
2017-11-08,1108,1321,5000,2729,445,NA,NA,NA,NA,NA,0
2017-11-09,1048,1351,5594,3052,518,NA,NA,NA,NA,NA,0
2017-11-10,919,1399,6255,3018,499,NA,NA,NA,NA,NA,0
2017-11-11,1087,1713,9280,3609,617,NA,NA,NA,NA,NA,0
2017-11-12,1670,2921,25446,6446,1044,NA,NA,NA,NA,NA,0
2017-11-13,1325,2164,17083,5238,811,NA,2,NA,NA,NA,0
2017-11-14,934,1439,7565,3835,625,NA,NA,NA,NA,NA,0
2017-11-15,865,1275,5832,3493,553,NA,2,NA,NA,NA,0
2017-11-16,873,1306,5950,5321,682,NA,NA,NA,NA,NA,0
2017-11-17,801,1203,5360,4421,599,NA,NA,NA,NA,NA,0
2017-11-18,748,1094,4940,3360,499,NA,NA,NA,NA,NA,0
2017-11-19,715,1111,5189,3258,508,NA,NA,NA,NA,NA,0
2017-11-20,795,1382,5198,3679,562,NA,10,NA,NA,NA,0
2017-11-21,968,1557,4901,3646,542,NA,4,NA,NA,NA,0
2017-11-22,786,1194,4842,3479,552,NA,7,NA,NA,NA,0
2017-11-23,739,1160,5296,3434,512,NA,1,NA,NA,NA,0
2017-11-24,749,1226,6036,3934,594,NA,NA,NA,NA,NA,0
2017-11-25,952,1751,9479,5129,739,NA,NA,NA,NA,NA,0
2017-11-26,1850,3611,34005,16440,1967,NA,NA,NA,NA,NA,0
2017-11-27,1427,2289,17731,10838,1270,NA,NA,NA,NA,NA,0
2017-11-28,1001,1617,8888,7339,892,NA,NA,NA,NA,NA,0
2017-11-29,993,1468,8322,11653,1064,NA,NA,NA,NA,NA,0
2017-11-30,766,1069,5589,6945,802,NA,NA,NA,NA,NA,0
2017-12-01,686,998,4865,5359,671,NA,NA,NA,NA,NA,0
2017-12-02,888,1239,6243,11233,1092,NA,NA,NA,NA,NA,0
2017-12-03,803,1159,5343,7915,865,NA,NA,NA,NA,NA,0
2017-12-04,708,988,4363,6521,766,NA,NA,NA,NA,NA,0
2017-12-05,648,835,4010,5564,612,NA,NA,NA,NA,NA,0
2017-12-06,619,843,3593,5003,572,NA,NA,NA,NA,NA,0
2017-12-07,591,872,3736,5524,598,NA,2,NA,NA,NA,0
2017-12-08,530,737,3219,4494,495,NA,12,NA,NA,NA,0
2017-12-09,587,841,3327,4080,568,NA,2,NA,NA,NA,0
2017-12-10,517,737,3277,4057,523,NA,NA,NA,NA,NA,0
2017-12-11,580,814,3395,4377,487,NA,NA,NA,NA,NA,0
2017-12-12,556,762,3163,4408,495,NA,NA,NA,NA,NA,0
2017-12-13,489,673,2878,3932,506,NA,NA,NA,NA,NA,0
2017-12-14,554,684,2891,3693,490,NA,7,NA,NA,NA,0
2017-12-15,475,607,2946,3712,529,NA,1,NA,NA,NA,0
2017-12-16,544,670,2878,3126,519,NA,NA,NA,NA,NA,0
2017-12-17,551,709,3017,3074,509,NA,NA,NA,NA,NA,0
2017-12-18,452,613,2801,3317,489,NA,NA,NA,NA,NA,0
2017-12-19,464,662,2908,3325,525,NA,NA,NA,NA,NA,0
2017-12-20,427,605,2664,3218,506,NA,NA,NA,NA,NA,0
2017-12-21,430,594,2628,3098,456,NA,NA,NA,NA,NA,0
2017-12-22,386,592,2538,2911,492,NA,1,NA,NA,NA,0
2017-12-23,368,510,2238,2718,430,NA,NA,NA,NA,NA,0
2017-12-24,392,490,2242,2800,459,NA,NA,NA,NA,NA,0
2017-12-25,318,501,2096,2668,362,NA,NA,NA,NA,NA,0
2017-12-26,417,550,2364,3090,451,NA,1,NA,NA,NA,0
2017-12-27,465,662,2553,3119,518,NA,NA,NA,NA,NA,0
2017-12-28,512,695,2710,3245,436,NA,NA,NA,NA,NA,0
2017-12-29,437,604,2546,3012,454,NA,NA,NA,NA,NA,0
2017-12-30,405,627,2290,3110,444,NA,NA,NA,NA,NA,0
2017-12-31,408,520,2373,3149,416,NA,NA,NA,NA,NA,0
2018-01-01,1266,578,2314,3824,534,NA,NA,NA,NA,NA,0
2018-01-02,508,651,2442,4709,627,NA,NA,NA,NA,NA,0
2018-01-03,472,696,2381,4598,622,NA,NA,NA,NA,NA,0
2018-01-04,503,666,2258,4399,626,NA,NA,NA,NA,NA,0
2018-01-05,488,606,2178,4541,562,NA,NA,NA,NA,NA,0
2018-01-06,418,546,1939,4265,523,NA,NA,NA,NA,NA,0
2018-01-07,455,577,2028,4234,594,NA,NA,NA,NA,NA,0
2018-01-08,380,527,1962,4205,543,NA,1,NA,NA,NA,0
2018-01-09,372,511,1827,4190,503,NA,NA,NA,NA,NA,0
2018-01-10,453,565,2044,5279,619,NA,NA,NA,NA,NA,0
2018-01-11,479,588,2015,4773,578,NA,NA,NA,NA,NA,0
2018-01-12,387,559,1831,4471,534,NA,NA,NA,NA,NA,0
2018-01-13,398,594,1884,4502,573,NA,NA,NA,NA,NA,0
2018-01-14,441,610,1832,4621,581,NA,NA,NA,NA,NA,0
2018-01-15,426,591,1940,4633,551,NA,NA,NA,NA,NA,0
2018-01-16,501,750,2784,10145,882,NA,NA,NA,NA,NA,0
2018-01-17,491,678,2297,6804,657,NA,NA,NA,NA,NA,0
2018-01-18,397,572,1952,5576,625,NA,NA,NA,NA,NA,0
2018-01-19,407,586,1937,4980,580,NA,NA,NA,NA,NA,0
2018-01-20,346,498,1752,4588,611,NA,NA,NA,NA,NA,0
2018-01-21,455,588,1957,4844,725,NA,NA,NA,NA,NA,0
2018-01-22,425,549,1751,4534,557,NA,NA,NA,NA,NA,0
2018-01-23,390,501,1793,4622,580,NA,NA,NA,NA,NA,0
2018-01-24,358,511,1650,4695,508,NA,NA,NA,NA,NA,0
2018-01-25,392,520,1579,4278,544,NA,NA,NA,NA,NA,0
2018-01-26,396,539,1641,4065,3539,NA,NA,NA,NA,NA,0
2018-01-27,319,434,1516,4164,1268,NA,NA,NA,NA,NA,0
2018-01-28,419,568,1607,4309,741,NA,NA,NA,NA,NA,0
2018-01-29,353,485,1732,4584,581,NA,NA,NA,NA,NA,0
2018-01-30,361,519,1627,4739,551,NA,NA,NA,NA,NA,0
2018-01-31,447,620,1761,4958,564,NA,NA,NA,NA,NA,0
2018-02-01,358,505,1631,5052,532,NA,NA,NA,NA,NA,0
2018-02-02,434,567,1758,4746,516,NA,NA,NA,NA,NA,0
2018-02-03,400,539,1565,4377,582,NA,NA,NA,NA,NA,0
2018-02-04,401,541,1674,4407,554,NA,NA,NA,NA,NA,0
2018-02-05,414,580,1804,4387,541,NA,NA,NA,NA,NA,0
2018-02-06,389,499,1690,4185,470,NA,NA,NA,NA,NA,0
2018-02-07,400,493,1537,3908,543,NA,NA,NA,NA,NA,0
2018-02-08,402,513,1513,3970,511,NA,1,NA,NA,NA,0
2018-02-09,431,487,1800,4042,503,NA,NA,NA,NA,NA,0
2018-02-10,414,546,2018,4210,548,NA,NA,NA,NA,NA,0
2018-02-11,460,606,2353,4690,580,NA,NA,NA,NA,NA,0
2018-02-12,487,562,2096,4575,547,NA,NA,NA,NA,NA,0
2018-02-13,454,628,1920,4246,462,NA,NA,NA,NA,NA,0
2018-02-14,450,549,2109,4801,484,NA,NA,NA,NA,NA,0
2018-02-15,465,562,2042,4995,526,NA,NA,NA,NA,NA,0
2018-02-16,461,598,2096,5024,512,NA,NA,NA,NA,NA,0
2018-02-17,380,565,2184,4871,548,NA,NA,NA,NA,NA,0
2018-02-18,420,553,2260,5337,525,NA,NA,NA,NA,NA,0
2018-02-19,501,1186,2522,7254,625,NA,NA,NA,NA,NA,0
2018-02-20,550,779,2680,8724,659,NA,NA,NA,NA,NA,0
2018-02-21,491,682,2680,7612,584,NA,NA,NA,NA,NA,0
2018-02-22,538,726,2763,8629,729,NA,NA,NA,NA,NA,0
2018-02-23,515,697,2745,9089,814,NA,NA,NA,NA,NA,0
2018-02-24,556,732,2351,7190,749,NA,NA,NA,NA,NA,0
2018-02-25,552,684,2435,7488,772,NA,NA,NA,NA,NA,0
2018-02-26,523,786,3213,10774,881,NA,NA,NA,NA,NA,0
2018-02-27,564,1377,2861,9116,769,NA,NA,NA,NA,NA,0
2018-02-28,441,634,2185,7162,671,NA,NA,NA,NA,NA,0
2018-03-01,465,681,2250,6816,882,NA,NA,NA,NA,NA,0
2018-03-02,473,676,2073,6066,749,NA,NA,NA,NA,NA,0
2018-03-03,478,632,1893,5859,794,NA,NA,NA,NA,NA,0
2018-03-04,479,634,2083,6337,872,NA,NA,NA,NA,NA,0
2018-03-05,489,616,1816,5633,716,NA,NA,NA,NA,NA,0
2018-03-06,537,659,2062,6307,718,NA,NA,NA,NA,NA,0
2018-03-07,489,647,2233,6337,669,NA,NA,NA,NA,NA,0
2018-03-08,488,700,2261,6471,792,NA,NA,NA,NA,NA,0
2018-03-09,555,714,2323,7089,693,NA,NA,NA,NA,NA,0
2018-03-10,503,728,2095,6709,773,NA,NA,NA,NA,NA,0
2018-03-11,545,730,2134,6613,752,NA,NA,NA,NA,NA,0
2018-03-12,583,786,2026,5411,591,NA,NA,NA,NA,NA,0
2018-03-13,575,738,1984,5199,615,NA,1,NA,NA,NA,0
2018-03-14,502,687,1944,4957,608,NA,NA,NA,NA,NA,0
2018-03-15,523,671,1974,5052,590,NA,NA,NA,NA,NA,0
2018-03-16,484,674,1972,4963,633,NA,NA,NA,NA,NA,0
2018-03-17,430,636,1910,5478,672,NA,NA,NA,NA,NA,0
2018-03-18,544,760,2320,6753,898,NA,NA,NA,NA,NA,0
2018-03-19,665,973,2677,7179,722,NA,NA,NA,NA,NA,0
2018-03-20,764,1198,3245,7346,761,NA,NA,NA,NA,NA,0
2018-03-21,740,1106,3027,7386,685,NA,1,NA,NA,NA,0
2018-03-22,1333,1205,3624,8520,793,NA,1,NA,NA,NA,0
2018-03-23,1454,1221,4186,11741,1070,NA,NA,NA,NA,NA,0
2018-03-24,1621,2003,6470,19702,1469,NA,1,NA,NA,NA,0
2018-03-25,2253,3512,11493,38558,2290,NA,1,NA,NA,NA,0
2018-03-26,1339,1893,5287,14549,1124,NA,NA,NA,NA,NA,0
2018-03-27,1081,1404,3188,8024,785,NA,NA,NA,NA,NA,0
2018-03-28,872,1131,2579,6463,700,NA,NA,NA,NA,NA,0
2018-03-29,986,1144,2332,5624,608,NA,NA,NA,NA,NA,0
2018-03-30,856,1008,2208,5296,629,NA,NA,NA,NA,NA,0
2018-03-31,744,915,1953,4847,680,NA,NA,NA,NA,NA,0
2018-04-01,699,945,1959,5227,792,NA,NA,NA,NA,NA,0
2018-04-02,957,1058,2210,4891,709,NA,NA,NA,NA,NA,0
2018-04-03,745,974,1929,4397,666,NA,NA,NA,NA,NA,0
2018-04-04,1188,1331,2374,5624,717,NA,NA,NA,NA,NA,0
2018-04-05,832,985,2042,4793,650,NA,NA,NA,NA,NA,0
2018-04-06,862,929,2516,6026,760,NA,NA,NA,NA,NA,0
2018-04-07,946,1200,3668,10602,1006,NA,NA,NA,NA,NA,0
2018-04-08,1839,2590,9048,38957,2515,NA,NA,NA,NA,NA,0
2018-04-09,1614,2279,6320,22726,1491,NA,NA,NA,NA,NA,0
2018-04-10,1113,1617,3798,9943,905,NA,NA,NA,NA,NA,0
2018-04-11,999,1328,4401,7532,757,NA,NA,NA,NA,NA,0
2018-04-12,1073,1331,2982,7396,806,NA,NA,NA,NA,NA,0
2018-04-13,938,1197,2754,7041,748,NA,NA,NA,NA,NA,0
2018-04-14,1347,1758,4246,12740,1047,NA,NA,NA,NA,NA,0
2018-04-15,2305,3214,7823,44634,2086,NA,NA,NA,NA,NA,0
2018-04-16,1544,2001,4076,15369,1194,NA,NA,NA,NA,NA,0
2018-04-17,1307,1756,3104,9022,988,NA,NA,NA,NA,NA,0
2018-04-18,1044,1488,2408,6968,922,NA,NA,NA,NA,NA,0
2018-04-19,962,1289,2237,6142,817,NA,NA,NA,NA,NA,0
2018-04-20,824,1072,2010,5544,694,NA,NA,NA,NA,NA,0
2018-04-21,782,1002,1814,5375,750,NA,NA,NA,NA,NA,0
2018-04-22,864,1048,1918,5769,927,NA,NA,NA,NA,NA,0
2018-04-23,820,1106,1840,5358,724,NA,NA,NA,NA,NA,0
2018-04-24,719,981,1818,4938,708,NA,NA,NA,NA,NA,0
2018-04-25,688,919,1783,4605,665,NA,1,NA,NA,NA,0
2018-04-26,628,888,1873,5223,657,NA,NA,NA,NA,NA,0
2018-04-27,634,906,2103,5976,648,NA,NA,NA,NA,NA,0
2018-04-28,914,1207,2723,10271,920,NA,NA,NA,NA,NA,0
2018-04-29,1590,2571,6216,45990,2118,NA,NA,NA,NA,NA,0
2018-04-30,1291,1855,3908,20432,1497,NA,NA,NA,NA,NA,0
2018-05-01,967,1350,2509,9744,1169,NA,NA,NA,NA,NA,0
2018-05-02,920,1155,2103,7906,1331,NA,NA,NA,NA,NA,0
2018-05-03,877,1006,1797,6005,1166,NA,NA,NA,NA,NA,0
2018-05-04,689,934,1539,5423,1324,NA,NA,NA,NA,NA,0
2018-05-05,634,753,1363,4973,1156,NA,NA,NA,NA,NA,0
2018-05-06,620,877,1478,5412,1075,NA,NA,NA,NA,NA,0
2018-05-07,652,846,1437,4943,930,NA,NA,NA,NA,NA,0
2018-05-08,673,820,1458,4627,830,NA,NA,NA,NA,NA,0
2018-05-09,614,795,1297,4224,785,37,NA,NA,NA,NA,0
2018-05-10,697,964,1499,5111,1119,15,NA,NA,NA,NA,0
2018-05-11,629,859,1539,6235,1251,4,NA,NA,NA,NA,0
2018-05-12,768,1040,2094,9439,1331,33,NA,NA,NA,NA,0
2018-05-13,1327,1969,4026,27907,1920,5,NA,NA,NA,NA,0
2018-05-14,1069,1507,2922,14957,1288,5,NA,NA,NA,NA,0
2018-05-15,785,1113,1853,7035,1050,2,NA,NA,NA,NA,0
2018-05-16,764,1007,1612,5553,906,1,2,NA,NA,NA,0
2018-05-17,671,845,1404,5069,822,3,NA,NA,NA,NA,0
2018-05-18,578,819,1384,4664,848,11,NA,NA,NA,NA,0
2018-05-19,603,746,1214,4334,808,5,NA,NA,NA,NA,0
2018-05-20,637,757,1309,4870,897,NA,NA,NA,NA,NA,0
2018-05-21,620,766,1313,4530,848,1,NA,NA,NA,NA,0
2018-05-22,655,864,1480,4397,813,NA,NA,NA,NA,NA,0
2018-05-23,672,878,1443,4453,784,6,1,NA,NA,NA,0
2018-05-24,655,1023,1741,5507,908,NA,NA,NA,NA,NA,0
2018-05-25,693,971,1499,5461,885,NA,1,NA,NA,NA,0
2018-05-26,936,1362,2218,10035,1128,3,NA,NA,NA,NA,0
2018-05-27,1553,2564,4449,35669,2144,1,NA,NA,NA,NA,0
2018-05-28,1127,1697,3181,17917,1444,2,NA,NA,NA,NA,0
2018-05-29,924,1357,2050,8840,1135,NA,NA,NA,NA,NA,0
2018-05-30,841,1173,1790,6250,968,NA,NA,NA,NA,NA,0
2018-05-31,696,973,1497,5492,861,1,NA,NA,NA,NA,0
2018-06-01,749,900,1438,5049,776,NA,NA,NA,NA,NA,0
2018-06-02,700,869,1338,5049,799,2,NA,NA,NA,NA,0
2018-06-03,651,846,1397,5182,858,3,NA,NA,NA,NA,0
2018-06-04,583,805,1330,5088,912,NA,NA,NA,NA,NA,0
2018-06-05,624,886,1438,4509,849,NA,NA,NA,NA,NA,0
2018-06-06,648,827,1303,4705,916,1,NA,NA,NA,NA,0
2018-06-07,670,861,1332,5289,1118,NA,NA,NA,NA,NA,0
2018-06-08,624,833,1553,5884,1097,NA,NA,NA,NA,NA,0
2018-06-09,731,1063,1853,8744,1127,NA,NA,NA,NA,NA,0
2018-06-10,1309,1865,3767,27728,2196,1,NA,NA,NA,NA,0
2018-06-11,1189,1732,3139,22579,1787,1,NA,NA,NA,NA,0
2018-06-12,851,1083,1873,8421,1140,NA,NA,NA,NA,NA,0
2018-06-13,675,982,1648,6312,1003,NA,NA,NA,NA,NA,0
2018-06-14,693,865,1365,5096,884,NA,NA,NA,NA,NA,0
2018-06-15,568,708,1136,4282,796,7,NA,NA,NA,NA,0
2018-06-16,470,628,996,4260,924,8,NA,NA,NA,NA,0
2018-06-17,588,747,1156,5119,1063,NA,NA,NA,NA,NA,0
2018-06-18,534,675,1096,4811,1053,NA,NA,NA,NA,NA,0
2018-06-19,787,923,1489,6629,2581,2,NA,NA,NA,NA,0
2018-06-20,623,771,1216,5150,1590,3,NA,NA,NA,NA,0
2018-06-21,581,768,1223,5216,1412,NA,NA,NA,NA,NA,0
2018-06-22,553,691,1238,6181,1372,NA,NA,NA,NA,NA,0
2018-06-23,668,806,1558,9253,1431,NA,NA,NA,NA,NA,0
2018-06-24,1018,1459,2981,26334,1959,NA,NA,NA,NA,NA,0
2018-06-25,900,1202,2416,15212,1561,1,NA,NA,NA,NA,0
2018-06-26,716,953,1681,7086,1223,2,NA,NA,NA,NA,0
2018-06-27,651,907,1408,5724,1253,NA,NA,NA,NA,NA,0
2018-06-28,637,937,1426,5521,1395,NA,NA,NA,NA,NA,0
2018-06-29,776,977,1724,6899,1733,1,NA,NA,NA,NA,0
2018-06-30,790,1078,2022,9224,1922,NA,NA,NA,NA,NA,0
2018-07-01,1333,2010,4025,36408,2486,1,NA,NA,NA,NA,0
2018-07-02,1060,1554,2858,18638,2382,1,NA,NA,NA,NA,0
2018-07-03,821,1225,1856,9006,1597,NA,NA,NA,NA,NA,0
2018-07-04,821,1069,1744,7357,1400,1,NA,NA,NA,NA,0
2018-07-05,922,1101,1764,7064,1344,2,NA,NA,NA,NA,0
2018-07-06,790,996,1732,7067,1291,NA,1,NA,NA,NA,0
2018-07-07,884,1152,2063,9496,1317,NA,NA,NA,NA,NA,0
2018-07-08,1745,2702,5032,33901,2864,1,NA,NA,NA,NA,0
2018-07-09,1578,2192,3463,18335,1886,1,NA,NA,NA,NA,0
2018-07-10,1064,1503,2284,8979,1356,5,NA,NA,NA,NA,0
2018-07-11,894,1217,1851,6986,1311,25,NA,NA,NA,NA,0
2018-07-12,825,1073,1650,5914,1450,5,NA,NA,NA,NA,0
2018-07-13,790,1035,1522,5516,1313,NA,NA,NA,NA,NA,0
2018-07-14,774,992,1384,5377,1307,NA,NA,NA,NA,NA,0
2018-07-15,728,1003,1396,5579,1336,1,NA,NA,NA,NA,0
2018-07-16,714,1026,1441,5607,1395,NA,NA,NA,NA,NA,0
2018-07-17,853,1002,1572,5035,1331,1,NA,NA,NA,NA,0
2018-07-18,740,922,1437,5044,1299,NA,NA,NA,NA,NA,0
2018-07-19,843,1259,1661,6509,2403,NA,NA,NA,NA,NA,0
2018-07-20,771,1156,1765,7102,3079,NA,NA,NA,NA,NA,0
2018-07-21,1022,1580,2354,11390,2231,10,NA,NA,NA,NA,0
2018-07-22,1840,3015,4601,34448,3272,3,NA,NA,NA,NA,0
2018-07-23,1386,2097,3351,18781,2658,NA,NA,NA,NA,NA,0
2018-07-24,1058,1432,2227,9284,2030,2,NA,NA,NA,NA,0
2018-07-25,925,1327,2008,7005,1650,NA,NA,NA,NA,NA,0
2018-07-26,943,1296,2000,6429,1350,1,NA,NA,NA,NA,0
2018-07-27,989,1301,2207,7760,1583,1,NA,NA,NA,NA,0
2018-07-28,1181,1581,2512,10860,1739,NA,NA,NA,NA,NA,0
2018-07-29,2024,3031,5244,33773,3263,1,NA,NA,NA,NA,0
2018-07-30,1615,2318,3766,17717,2270,2,NA,NA,NA,NA,0
2018-07-31,1150,1526,2301,8290,1659,NA,NA,NA,NA,NA,0
2018-08-01,957,1273,1909,6271,1367,NA,NA,NA,NA,NA,0
2018-08-02,866,1180,1739,5603,1258,2,NA,NA,NA,NA,0
2018-08-03,1780,2301,3042,13100,10592,2,1,NA,NA,NA,0
2018-08-04,1321,1688,2208,8430,4496,3,NA,NA,NA,NA,0
2018-08-05,1139,1534,1888,6883,3008,2,NA,NA,NA,NA,0
2018-08-06,1083,1383,1844,6281,2481,1,1,NA,NA,NA,0
2018-08-07,861,1111,1625,5660,2393,1,NA,NA,NA,NA,0
2018-08-08,869,1158,1583,5396,2548,1,NA,NA,NA,NA,0
2018-08-09,930,1084,1421,4831,1956,1,NA,NA,NA,NA,0
2018-08-10,776,983,1439,4539,1646,1,NA,NA,NA,NA,0
2018-08-11,660,780,1167,4112,1549,1,NA,NA,NA,NA,0
2018-08-12,676,820,1180,4519,1826,1,77,NA,NA,NA,0
2018-08-13,682,854,1293,4704,1943,4,402,NA,NA,NA,0
2018-08-14,968,1214,1716,6488,3866,2,529,NA,NA,NA,0
2018-08-15,980,1189,1621,6177,3974,5,547,NA,NA,NA,0
2018-08-16,979,1123,1615,7194,7526,4,888,NA,NA,NA,0
2018-08-17,859,1055,1532,5687,4040,4,574,NA,NA,NA,0
2018-08-18,654,766,1222,4917,2540,NA,388,NA,NA,NA,0
2018-08-19,757,856,1229,5340,2616,2,365,NA,NA,NA,0
2018-08-20,757,944,1450,7026,5216,1,641,NA,NA,NA,0
2018-08-21,869,958,1657,7318,5780,10,219,NA,NA,NA,0
2018-08-22,791,924,1416,5694,3251,1,NA,NA,NA,NA,0
2018-08-23,841,989,1623,14015,3918,2,NA,NA,NA,NA,0
2018-08-24,859,1094,1813,14436,3881,3,NA,NA,NA,NA,0
2018-08-25,869,1136,2012,13269,3507,1,NA,NA,NA,NA,0
2018-08-26,1434,2084,3690,36360,5573,2,NA,NA,NA,NA,0
2018-08-27,1113,1598,2615,18890,3282,NA,NA,NA,NA,NA,0
2018-08-28,932,1242,1994,10242,2646,2,1,NA,NA,NA,0
2018-08-29,1005,1253,1920,8480,2767,2,NA,NA,NA,NA,0
2018-08-30,1004,1319,1844,7766,2752,1,NA,NA,NA,NA,0
2018-08-31,972,1238,1863,9084,4442,1,4,NA,NA,NA,0
2018-09-01,1059,1369,2164,12380,3357,NA,1,NA,NA,NA,0
2018-09-02,1947,2872,4586,39825,4702,NA,NA,NA,NA,NA,0
2018-09-03,1874,2770,3955,24624,10577,3,NA,NA,NA,NA,0
2018-09-04,1358,1886,2639,12022,5792,5,NA,NA,NA,NA,0
2018-09-05,1169,1508,1985,9017,4013,3,NA,NA,NA,NA,0
2018-09-06,1061,1427,1848,8004,4475,NA,NA,NA,NA,NA,0
2018-09-07,1026,1300,1845,7244,4182,NA,NA,NA,NA,NA,0
2018-09-08,833,1160,1542,6598,3275,NA,1,NA,NA,NA,0
2018-09-09,878,1091,1390,6776,2943,NA,1,NA,NA,NA,0
2018-09-10,855,1067,1436,6318,2577,1,NA,NA,NA,NA,0
2018-09-11,1583,1885,2564,14326,16420,2,NA,NA,NA,NA,0
2018-09-12,1096,1273,1785,7926,5805,1,4,NA,NA,NA,0
2018-09-13,1098,1262,1772,7670,4543,NA,NA,NA,NA,NA,0
2018-09-14,989,1259,1912,8548,4520,NA,NA,NA,NA,NA,0
2018-09-15,1245,1610,2470,12440,4993,NA,NA,NA,NA,NA,0
2018-09-16,2156,3416,5481,35628,6934,3,1,NA,NA,NA,0
2018-09-17,1518,2225,3200,17565,4226,1,NA,NA,NA,NA,0
2018-09-18,1079,1509,2120,8714,3067,1,NA,NA,NA,NA,0
2018-09-19,1015,1334,1751,6852,2788,NA,1,NA,NA,NA,0
2018-09-20,1001,1275,1580,6334,2625,NA,1,NA,NA,NA,0
2018-09-21,864,1153,1353,5724,2584,NA,NA,NA,NA,NA,0
2018-09-22,836,1074,1295,5715,2319,NA,NA,NA,NA,NA,0
2018-09-23,811,994,1302,6077,2389,NA,NA,NA,NA,NA,0
2018-09-24,771,1158,1342,5795,2483,1,1,NA,NA,NA,0
2018-09-25,954,1122,1794,7172,7809,NA,1,NA,NA,NA,0
2018-09-26,760,942,1430,5866,4635,NA,1,NA,NA,NA,0
2018-09-27,743,956,1310,5610,3515,NA,NA,NA,NA,NA,0
2018-09-28,793,997,1567,7771,7034,NA,NA,NA,NA,NA,0
2018-09-29,1321,1313,2125,11135,9746,NA,NA,NA,NA,NA,0
2018-09-30,1674,2499,3787,32266,7251,6,NA,NA,NA,NA,0
2018-10-01,1277,1955,2430,15030,4330,2,NA,NA,NA,NA,0
2018-10-02,957,1320,1708,7902,3064,2,1,NA,NA,NA,0
2018-10-03,944,1229,1537,6429,2918,2,6,NA,NA,NA,0
2018-10-04,905,1068,1572,6385,2888,1,1,NA,NA,NA,0
2018-10-05,863,1189,1559,6648,2814,NA,NA,NA,NA,NA,0
2018-10-06,1182,1620,2297,11845,3891,NA,NA,NA,NA,NA,0
2018-10-07,1949,2993,4122,33307,5960,1,1,NA,NA,NA,0
2018-10-08,1209,1779,2352,13129,3813,2,NA,NA,NA,NA,0
2018-10-09,1028,1461,1822,8261,2976,1,1,NA,NA,NA,0
2018-10-10,917,1137,1459,6297,2812,NA,NA,NA,NA,NA,0
2018-10-11,805,1001,1251,5263,2486,NA,2,NA,NA,NA,0
2018-10-12,966,1308,1606,8083,10295,NA,2,NA,NA,NA,0
2018-10-13,818,1051,1330,6506,5803,1,1,NA,NA,NA,0
2018-10-14,810,1056,1258,6374,4037,NA,1,NA,NA,NA,0
2018-10-15,748,1045,1239,5855,3820,NA,NA,NA,NA,NA,0
2018-10-16,769,973,1211,5054,3610,NA,NA,NA,NA,NA,0
2018-10-17,641,891,1045,4745,3171,2,NA,NA,NA,NA,0
2018-10-18,910,1071,1264,5955,5599,NA,NA,NA,NA,NA,0
2018-10-19,984,1253,1540,7252,5507,1,NA,NA,NA,NA,0
2018-10-20,1037,1374,1725,9390,4994,NA,NA,NA,NA,NA,0
2018-10-21,2205,2980,4094,38083,8424,NA,NA,NA,NA,NA,0
2018-10-22,1906,2758,3727,30333,6666,1,NA,NA,NA,NA,0
2018-10-23,1260,1583,2478,10788,3952,NA,NA,NA,NA,NA,0
2018-10-24,1141,1680,1774,7957,3350,NA,NA,NA,NA,NA,0
2018-10-25,1091,1452,1872,7074,3533,NA,1,NA,NA,NA,0
2018-10-26,1009,1410,1820,7806,3546,NA,NA,NA,NA,NA,0
2018-10-27,1125,1653,2151,10114,4200,NA,NA,NA,NA,NA,0
2018-10-28,2480,4017,4943,35231,7837,1,NA,NA,NA,NA,0
2018-10-29,2736,4793,4965,33926,8033,4,NA,NA,NA,NA,0
2018-10-30,1620,2527,2451,12017,4611,1,NA,NA,NA,NA,0
2018-10-31,1233,2249,1909,8278,3823,NA,NA,NA,NA,NA,0
2018-11-01,1171,1700,1592,8519,4090,NA,NA,NA,NA,NA,0
2018-11-02,1175,1646,1509,7527,3961,2,NA,NA,NA,NA,0
2018-11-03,932,1254,1247,7771,3280,NA,NA,NA,NA,NA,0
2018-11-04,963,1270,1295,6644,3564,NA,NA,NA,NA,NA,0
2018-11-05,989,1262,1280,5802,3274,1,NA,NA,NA,NA,0
2018-11-06,874,1096,1175,5014,3245,NA,NA,NA,NA,NA,0
2018-11-07,725,1022,1215,6210,6165,14,NA,NA,NA,NA,0
2018-11-08,770,994,1197,5541,4163,13,479,NA,NA,NA,0
2018-11-09,854,1103,1378,6647,4654,11,1395,NA,NA,NA,0
2018-11-10,968,1203,1445,8918,5314,4,1398,NA,NA,NA,0
2018-11-11,1632,2166,2705,27373,8055,3,1965,NA,NA,NA,0
2018-11-12,1551,2286,2567,20578,7187,4,1718,NA,NA,NA,0
2018-11-13,1134,1593,1712,9185,4609,3,1080,NA,NA,NA,0
2018-11-14,1199,1495,1511,7376,4317,5,982,NA,NA,NA,0
2018-11-15,926,1076,1187,5897,3689,10,873,NA,NA,NA,0
2018-11-16,880,1085,1189,5605,3632,5,839,NA,NA,NA,0
2018-11-17,735,963,1003,5238,3506,3,719,NA,NA,NA,0
2018-11-18,867,977,1036,5783,3842,3,827,NA,NA,NA,0
2018-11-19,786,974,1000,5534,3823,4,777,NA,NA,NA,0
2018-11-20,815,967,1098,5224,3970,1,756,NA,NA,NA,0
2018-11-21,946,1208,1238,6503,9541,5,1030,NA,NA,NA,0
2018-11-22,1003,1319,1500,9500,18674,3,1806,NA,NA,NA,0
2018-11-23,960,1231,1461,8899,10468,2,1262,NA,NA,NA,0
2018-11-24,1198,1545,1796,11271,10415,2,1207,NA,NA,NA,0
2018-11-25,2513,3637,4431,44261,26965,8,2629,NA,NA,NA,0
2018-11-26,2126,2845,3317,24756,23791,17,2489,NA,NA,NA,0
2018-11-27,1554,2180,2285,19958,18524,7,2133,NA,NA,NA,0
2018-11-28,1343,1774,2074,13536,12966,8,1449,NA,NA,NA,0
2018-11-29,1128,1449,1565,11173,9391,2,1273,NA,NA,NA,0
2018-11-30,969,1389,1542,10509,11642,3,1261,NA,NA,NA,0
2018-12-01,886,1205,1369,7655,11451,4,1232,NA,NA,NA,0
2018-12-02,827,1006,1175,5632,7230,2,979,NA,NA,NA,0
2018-12-03,713,929,1025,4953,6443,NA,855,NA,NA,NA,0
2018-12-04,748,832,968,4100,5449,4,696,NA,NA,NA,0
2018-12-05,623,847,960,4132,5113,6,772,NA,NA,NA,0
2018-12-06,516,694,753,3857,4481,1,769,NA,NA,NA,0
2018-12-07,580,775,786,3621,3934,3,535,NA,NA,NA,0
2018-12-08,518,704,713,3478,3955,3,579,NA,NA,NA,0
2018-12-09,588,710,787,3629,4106,5,701,NA,NA,NA,0
2018-12-10,645,701,734,3685,3860,2,617,NA,NA,NA,0
2018-12-11,569,730,814,3628,3786,5,588,NA,NA,NA,0
2018-12-12,539,715,734,3202,3764,2,511,NA,NA,NA,0
2018-12-13,504,672,694,2979,3507,4,539,NA,NA,NA,0
2018-12-14,460,597,627,3042,3808,1,505,NA,NA,NA,0
2018-12-15,438,575,710,3047,3530,3,550,NA,NA,NA,0
2018-12-16,505,649,717,3158,3467,4,625,NA,NA,NA,0
2018-12-17,499,597,669,3177,3578,5,521,NA,NA,NA,0
2018-12-18,413,540,638,3113,3607,2,531,NA,NA,NA,0
2018-12-19,495,627,617,2879,3502,3,499,NA,NA,NA,0
2018-12-20,443,566,868,2720,3126,8,471,NA,NA,NA,0
2018-12-21,476,817,616,2680,3072,7,489,NA,NA,NA,0
2018-12-22,394,514,567,2703,2828,2,513,NA,NA,NA,0
2018-12-23,393,576,603,2603,2803,2,453,NA,NA,NA,0
2018-12-24,436,546,579,2631,2967,3,502,NA,NA,NA,0
2018-12-25,434,546,611,2539,3057,2,446,NA,NA,NA,0
2018-12-26,464,621,576,2680,3209,1,537,NA,NA,NA,0
2018-12-27,486,622,660,3044,3320,4,480,NA,NA,NA,0
2018-12-28,407,555,578,2490,3127,3,502,NA,NA,NA,0
2018-12-29,475,548,622,2614,3065,1,476,NA,NA,NA,0
2018-12-30,499,610,674,2771,3559,2,534,NA,NA,NA,0
2018-12-31,388,567,585,2581,3132,1,519,NA,NA,NA,0
2019-01-01,507,663,585,2334,4057,2,535,NA,NA,NA,0
2019-01-02,493,664,633,2663,4514,4,560,NA,NA,NA,0
2019-01-03,600,801,728,2696,4353,2,541,NA,NA,NA,0
2019-01-04,572,687,753,2603,4241,3,581,NA,NA,NA,0
2019-01-05,511,639,627,2244,3879,2,531,NA,NA,NA,0
2019-01-06,516,638,601,2162,3996,1,545,NA,NA,NA,0
2019-01-07,521,761,656,2458,4647,3,550,NA,NA,NA,0
2019-01-08,524,689,1932,2402,4264,3,586,NA,NA,NA,0
2019-01-09,432,558,797,2167,3937,1,520,NA,NA,NA,0
2019-01-10,493,588,622,2202,3825,11,509,NA,NA,NA,0
2019-01-11,464,623,598,2170,3808,2,529,NA,NA,NA,0
2019-01-12,385,574,607,1971,3700,2,564,NA,NA,NA,0
2019-01-13,437,530,607,2088,3968,2,625,NA,NA,NA,0
2019-01-14,454,560,641,2173,3668,7,506,NA,NA,NA,0
2019-01-15,412,547,602,1936,3741,3,505,NA,NA,NA,0
2019-01-16,377,498,558,2021,3837,NA,521,NA,NA,NA,0
2019-01-17,482,549,602,1892,3417,3,514,NA,NA,NA,0
2019-01-18,450,484,555,1911,3460,2,498,NA,NA,NA,0
2019-01-19,478,605,588,2099,3915,7,590,NA,NA,NA,0
2019-01-20,382,558,637,1975,3962,1,550,NA,NA,NA,0
2019-01-21,372,574,533,1876,3802,4,541,NA,NA,NA,0
2019-01-22,390,523,536,1729,3845,2,547,NA,NA,NA,0
2019-01-23,359,539,570,1739,3539,6,580,NA,NA,NA,0
2019-01-24,365,476,483,1744,3512,10,703,NA,NA,NA,0
2019-01-25,394,466,563,1684,3376,1,495,NA,NA,NA,0
2019-01-26,399,527,523,1767,3629,25,658,NA,NA,NA,0
2019-01-27,508,558,550,1889,3883,8,628,NA,NA,NA,0
2019-01-28,398,528,521,1759,3747,14,617,NA,NA,NA,0
2019-01-29,442,534,593,1774,3893,22,603,NA,NA,NA,0
2019-01-30,394,507,528,1908,3747,11,485,NA,NA,NA,0
2019-01-31,392,535,510,1955,3844,5,496,NA,NA,NA,0
2019-02-01,456,567,625,2598,9656,15,881,NA,NA,NA,0
2019-02-02,464,525,623,2101,6590,14,725,NA,NA,NA,0
2019-02-03,476,633,634,2084,5914,13,792,NA,NA,NA,0
2019-02-04,416,548,602,2088,6081,14,641,NA,NA,NA,0
2019-02-05,450,612,640,2196,6366,13,728,NA,NA,NA,0
2019-02-06,438,572,629,2130,6639,12,802,NA,NA,NA,0
2019-02-07,475,567,584,2333,6750,2,716,NA,NA,NA,0
2019-02-08,430,590,679,2301,5723,1,642,NA,NA,NA,0
2019-02-09,429,538,649,2042,5231,3,628,NA,NA,NA,0
2019-02-10,519,673,645,2133,5536,15,810,NA,NA,NA,0
2019-02-11,528,663,737,2637,8023,10,822,NA,NA,NA,0
2019-02-12,535,663,778,2691,7717,10,736,NA,NA,NA,0
2019-02-13,598,757,837,3419,11702,7,896,NA,NA,NA,0
2019-02-14,522,657,830,2855,10022,10,758,NA,NA,NA,0
2019-02-15,546,741,884,3221,10418,8,784,NA,NA,NA,0
2019-02-16,557,756,779,2823,7529,3,701,NA,NA,NA,0
2019-02-17,644,745,893,2697,7470,4,738,NA,NA,NA,0
2019-02-18,651,937,1005,4252,12405,5,904,NA,NA,NA,0
2019-02-19,588,779,884,3389,10344,23,805,NA,NA,NA,0
2019-02-20,620,797,937,3540,9888,5,799,NA,NA,NA,0
2019-02-21,641,726,812,2976,8066,6,729,NA,NA,NA,0
2019-02-22,510,646,722,2401,6610,6,660,NA,NA,NA,0
2019-02-23,516,641,706,2149,5880,7,680,NA,NA,NA,0
2019-02-24,500,622,654,2058,6272,2,650,NA,NA,NA,0
2019-02-25,470,684,773,2318,5807,5,618,NA,NA,NA,0
2019-02-26,463,598,659,2154,5936,2,581,NA,NA,NA,0
2019-02-27,574,627,777,2251,6182,8,583,NA,NA,NA,0
2019-02-28,446,569,657,2252,5965,5,594,NA,NA,NA,0
2019-03-01,534,649,736,2313,6829,7,613,NA,NA,NA,0
2019-03-02,492,593,651,2162,6833,9,849,NA,NA,NA,0
2019-03-03,495,612,683,2148,7504,8,838,NA,NA,NA,0
2019-03-04,531,730,821,2250,6742,5,1393,NA,NA,NA,0
2019-03-05,466,610,655,1998,5752,2,780,NA,NA,NA,0
2019-03-06,539,668,1530,2096,5556,4,568,NA,NA,NA,0
2019-03-07,508,666,811,2162,5491,5,674,NA,NA,NA,0
2019-03-08,652,912,1100,8223,9187,5,747,NA,NA,NA,0
2019-03-09,1008,1488,1833,19777,19659,7,930,NA,NA,NA,0
2019-03-10,1204,1861,2287,23928,26310,1,1262,NA,NA,NA,0
2019-03-11,1334,1902,2282,20287,23440,1,1207,NA,NA,NA,0
2019-03-12,1414,1968,2289,17196,21311,9,1053,NA,NA,NA,0
2019-03-13,1186,1858,2045,15200,20223,4,948,NA,NA,NA,0
2019-03-14,1165,1642,1898,13995,21288,6,1060,NA,NA,NA,0
2019-03-15,1297,1807,2100,14157,22944,12,1104,NA,NA,NA,0
2019-03-16,1767,2515,2710,16457,30194,4,1458,NA,NA,NA,0
2019-03-17,2313,3462,3897,18724,54238,1,2440,NA,NA,NA,0
2019-03-18,1497,2292,2384,11672,22864,3,1215,NA,NA,NA,0
2019-03-19,1245,1773,1906,9939,15574,2,936,NA,NA,NA,0
2019-03-20,1211,1642,1665,9089,13293,8,1050,NA,NA,NA,0
2019-03-21,1013,1518,1492,8316,11535,NA,912,NA,NA,NA,0
2019-03-22,978,1320,1424,7102,10867,2,771,NA,NA,NA,0
2019-03-23,992,1309,1378,7849,11957,3,817,NA,NA,NA,0
2019-03-24,1087,1442,1555,8741,13088,6,1001,NA,NA,NA,0
2019-03-25,967,1436,1418,6819,10973,1,737,NA,NA,NA,0
2019-03-26,975,1315,1597,6393,9726,12,826,NA,NA,NA,0
2019-03-27,909,1221,1289,6108,9049,10,794,NA,NA,NA,0
2019-03-28,923,1373,1359,5838,9198,4,705,NA,NA,NA,0
2019-03-29,982,1299,1276,5874,10028,1,648,NA,NA,NA,0
2019-03-30,1139,1659,1671,7921,17035,5,999,NA,NA,NA,0
2019-03-31,1705,2656,2610,12304,48571,4,1770,NA,NA,NA,0
2019-04-01,1517,2558,2080,8169,26034,5,1373,NA,NA,NA,0
2019-04-02,1227,1774,1654,6153,13571,9,1058,NA,NA,NA,0
2019-04-03,1116,1602,1507,5572,10685,7,836,NA,NA,NA,0
2019-04-04,1070,1512,1421,5208,9142,5,740,NA,NA,NA,0
2019-04-05,1067,1335,1282,4461,9005,3,756,NA,NA,NA,0
2019-04-06,917,1277,1220,4983,8853,5,754,NA,NA,NA,0
2019-04-07,1057,1385,1243,5258,9525,4,756,NA,NA,NA,0
2019-04-08,1006,1369,1320,4698,8428,2,916,NA,NA,NA,0
2019-04-09,907,1219,1214,4082,7463,4,1069,NA,NA,NA,0
2019-04-10,881,1210,1168,3799,6888,37,920,NA,NA,NA,0
2019-04-11,934,1230,1259,3874,7470,2,743,NA,NA,NA,0
2019-04-12,982,1214,1146,4256,8441,NA,729,NA,NA,NA,0
2019-04-13,1090,1550,1511,5077,12212,4,857,NA,NA,NA,0
2019-04-14,2157,3263,2696,8553,42339,3,1710,NA,NA,NA,0
2019-04-15,1241,1848,1671,4734,15083,6,1018,NA,NA,NA,0
2019-04-16,1056,1454,1394,3724,8747,2,1001,NA,NA,NA,0
2019-04-17,975,1268,1113,3063,7166,4,821,NA,NA,NA,0
2019-04-18,861,1152,1049,3014,6605,6,780,NA,NA,NA,0
2019-04-19,774,1040,1026,2971,6402,NA,860,NA,NA,NA,0
2019-04-20,794,1033,1008,2742,6332,3,799,NA,NA,NA,0
2019-04-21,801,1088,1132,2923,6455,6,955,NA,NA,NA,0
2019-04-22,764,1125,1266,3045,6346,4,930,NA,NA,NA,0
2019-04-23,722,1093,1262,2884,6041,2,976,NA,NA,NA,0
2019-04-24,801,1112,1151,2720,5780,4,813,NA,NA,NA,0
2019-04-25,791,1007,1138,2817,5967,3,714,NA,NA,NA,0
2019-04-26,735,1057,1174,3013,7459,8,789,NA,NA,NA,0
2019-04-27,889,1358,1585,3955,13200,3,1042,NA,NA,NA,0
2019-04-28,1799,2788,2744,7395,47271,4,1940,NA,NA,NA,0
2019-04-29,1785,2430,1854,4710,18108,6,1174,NA,NA,NA,0
2019-04-30,994,1342,1233,3854,9292,10,1737,NA,NA,NA,0
2019-05-01,907,1318,1257,3305,7935,6,1688,NA,NA,NA,0
2019-05-02,847,1153,1136,2677,7072,2,1294,NA,NA,NA,0
2019-05-03,760,1033,973,2338,6303,2,889,NA,NA,NA,0
2019-05-04,580,885,848,2219,6483,10,815,NA,NA,NA,0
2019-05-05,675,937,914,2416,6737,7,878,NA,NA,NA,0
2019-05-06,651,871,940,3363,6145,95,813,NA,NA,NA,0
2019-05-07,671,884,834,2059,5740,167,844,NA,NA,NA,0
2019-05-08,582,776,692,1970,5818,396,1143,NA,NA,NA,0
2019-05-09,583,837,820,2129,6431,592,2200,NA,NA,NA,0
2019-05-10,644,889,876,2251,7700,436,1769,NA,NA,NA,0
2019-05-11,992,1433,1370,3307,12432,480,2045,NA,NA,NA,0
2019-05-12,1868,2740,2257,6196,34478,628,2609,NA,NA,NA,0
2019-05-13,1364,1950,1743,3945,17125,490,2223,NA,NA,NA,0
2019-05-14,1004,1401,1304,3010,11813,1301,9987,NA,NA,NA,0
2019-05-15,761,1103,975,2406,7724,490,3441,NA,NA,NA,0
2019-05-16,734,993,954,2110,6387,15,1971,NA,NA,NA,0
2019-05-17,630,855,891,1929,5822,9,1570,NA,NA,NA,0
2019-05-18,662,821,837,2051,5523,9,1307,NA,NA,NA,0
2019-05-19,593,828,837,2012,6167,10,1386,NA,NA,NA,0
2019-05-20,550,802,756,1859,5731,20,1193,NA,NA,NA,0
2019-05-21,832,1229,1103,2601,7120,20,1389,NA,NA,NA,0
2019-05-22,714,1038,952,2184,6308,17,1169,NA,NA,NA,0
2019-05-23,759,1070,1003,2378,6949,13,1122,NA,NA,NA,0
2019-05-24,763,1075,967,2297,6755,9,1044,NA,NA,NA,0
2019-05-25,1084,1498,1394,3437,12310,11,1504,NA,NA,NA,0
2019-05-26,1746,2615,2185,5805,35198,11,2446,NA,NA,NA,0
2019-05-27,1278,1948,1626,3988,17992,9,1544,NA,NA,NA,0
2019-05-28,1115,1672,1392,3221,10474,4,1288,NA,NA,NA,0
2019-05-29,959,1327,1190,2736,8112,9,1314,NA,NA,NA,0
2019-05-30,874,1115,1074,2406,6709,12,1193,NA,NA,NA,0
2019-05-31,874,1100,1070,2205,6286,10,1057,NA,NA,NA,0
2019-06-01,732,996,892,1949,5733,16,1031,NA,NA,NA,0
2019-06-02,847,1145,997,2196,6648,6,997,NA,NA,NA,0
2019-06-03,809,1130,1064,2355,6737,9,1098,NA,NA,NA,0
2019-06-04,720,991,874,2118,5688,5,1009,NA,NA,NA,0
2019-06-05,756,986,980,2059,5434,5,952,NA,NA,NA,0
2019-06-06,680,800,769,1896,5381,6,877,NA,NA,NA,0
2019-06-07,687,896,858,2143,6901,9,1179,NA,NA,NA,0
2019-06-08,816,983,1020,2903,9785,15,1180,NA,NA,NA,0
2019-06-09,1306,1849,1729,5288,29406,22,1841,NA,NA,NA,0
2019-06-10,1353,2128,1797,4700,24788,14,1800,NA,NA,NA,0
2019-06-11,995,1406,1221,2969,10297,12,1438,NA,NA,NA,0
2019-06-12,871,1312,1093,2587,7727,10,1043,NA,NA,NA,0
2019-06-13,906,1039,1066,2201,6474,5,1083,NA,NA,NA,0
2019-06-14,683,876,906,1872,5717,6,1130,NA,NA,NA,0
2019-06-15,609,841,814,2051,5839,10,1147,NA,NA,NA,0
2019-06-16,679,853,871,2011,6360,6,1213,NA,NA,NA,0
2019-06-17,717,947,875,2037,6044,10,1102,NA,NA,NA,0
2019-06-18,636,795,890,1957,5353,9,1075,NA,NA,NA,0
2019-06-19,531,718,785,1932,5362,12,1093,NA,NA,NA,0
2019-06-20,544,778,843,1908,5706,3,1000,NA,NA,NA,0
2019-06-21,590,788,798,2024,6669,6,1016,NA,NA,NA,0
2019-06-22,874,1285,1228,3143,11461,20,1405,NA,NA,NA,0
2019-06-23,1818,2688,2327,6822,40904,8,2413,NA,NA,NA,0
2019-06-24,1693,2243,2126,4649,20319,7,1683,NA,NA,NA,0
2019-06-25,1142,1561,1479,3158,10253,14,1463,NA,NA,NA,0
2019-06-26,1009,1507,1252,2773,8168,6,1192,NA,NA,NA,0
2019-06-27,1018,1524,1400,2840,8096,4,1087,NA,NA,NA,0
2019-06-28,912,1237,1093,2460,8163,6,1226,NA,NA,NA,0
2019-06-29,969,1322,1304,3141,13082,5,1543,NA,NA,NA,0
2019-06-30,1570,2248,2263,6517,47650,10,2915,NA,NA,NA,0
2019-07-01,1333,1877,1766,4600,21547,9,2091,NA,NA,NA,0
2019-07-02,1013,1385,1292,2971,12437,3,1444,NA,NA,NA,0
2019-07-03,1141,1433,1424,2916,10243,8,1304,NA,NA,NA,0
2019-07-04,1023,1274,1189,2409,7081,16,1263,NA,NA,NA,0
2019-07-05,898,1192,1102,2138,6599,4,1230,NA,NA,NA,0
2019-07-06,806,1037,1076,2097,6533,4,2393,NA,NA,NA,0
2019-07-07,792,1033,1001,2038,6939,7,1896,NA,NA,NA,0
2019-07-08,895,1194,1170,2267,6921,6,1626,NA,NA,NA,0
2019-07-09,989,1340,1250,2320,6950,9,2610,NA,NA,NA,0
2019-07-10,1067,1271,1291,2389,7662,18,3530,NA,NA,NA,0
2019-07-11,977,1147,1068,2242,7780,20,2184,NA,NA,NA,0
2019-07-12,1011,1295,1185,2448,8051,9,1839,NA,NA,NA,0
2019-07-13,929,1314,1287,2919,11893,10,1783,NA,NA,NA,0
2019-07-14,1715,2475,2437,5702,39350,7,3150,NA,NA,NA,0
2019-07-15,1732,2289,2166,4579,20950,4,2475,NA,NA,NA,0
2019-07-16,1268,1705,1532,3247,11619,6,1940,NA,NA,NA,0
2019-07-17,1170,1565,1372,2737,9083,35,2311,NA,NA,NA,0
2019-07-18,1049,1425,1397,2510,7950,6,2143,NA,NA,NA,0
2019-07-19,997,1389,1336,2312,7059,15,1930,NA,NA,NA,0
2019-07-20,996,1314,1237,2247,6982,23,1677,NA,NA,NA,0
2019-07-21,888,1290,1140,2237,7069,3,1614,NA,NA,NA,0
2019-07-22,976,1298,1288,2377,6925,6,1768,NA,NA,NA,0
2019-07-23,919,1156,1099,2246,6509,10,1708,NA,NA,NA,0
2019-07-24,973,1182,1148,2138,6124,15,1581,NA,NA,NA,0
2019-07-25,882,1095,1088,2293,6399,6,1506,NA,NA,NA,0
2019-07-26,864,1109,1170,2382,7346,4,1807,NA,NA,NA,0
2019-07-27,1123,1480,1455,3011,11147,4,2135,NA,NA,NA,0
2019-07-28,2407,3185,3106,6888,65936,12,5182,NA,NA,NA,0
2019-07-29,2058,2668,2773,5418,31955,5,3747,NA,NA,NA,0
2019-07-30,1595,2056,1986,3873,13969,13,2698,NA,NA,NA,0
2019-07-31,1421,1841,1765,3412,10930,4,2338,NA,NA,NA,0
2019-08-01,1352,1757,1630,3138,9712,25,2366,NA,NA,NA,0
2019-08-02,1294,1640,1734,3068,9702,15,2717,NA,NA,NA,0
2019-08-03,1578,2034,1956,3977,16211,5,2773,NA,NA,NA,0
2019-08-04,2450,3558,3192,7240,43972,13,4921,NA,NA,NA,0
2019-08-05,2141,3144,2831,5656,22586,14,3648,NA,NA,NA,0
2019-08-06,1604,2464,2061,3859,12720,9,2775,NA,NA,NA,0
2019-08-07,1366,2034,1762,3247,9675,15,2828,NA,NA,NA,0
2019-08-08,1288,1753,1591,3003,8544,15,3616,NA,NA,NA,0
2019-08-09,1145,1592,1380,2495,7595,23,3047,NA,NA,NA,0
2019-08-10,1008,1444,1247,2233,6560,9,2186,NA,NA,NA,0
2019-08-11,1011,1378,1245,2332,6986,23,2346,NA,NA,NA,0
2019-08-12,1770,2304,2125,3796,19888,15,3592,NA,NA,NA,0
2019-08-13,1429,1710,1694,2873,10699,9,2537,NA,NA,NA,0
2019-08-14,1184,1365,1423,2432,7459,10,2306,NA,NA,NA,0
2019-08-15,1151,1665,1567,2451,6791,10,2013,NA,NA,NA,0
2019-08-16,1210,1433,1301,2252,6549,6,2065,NA,NA,NA,0
2019-08-17,1089,1326,1138,1902,5725,10,1884,NA,NA,NA,0
2019-08-18,1266,1418,1135,1938,6676,20,1967,NA,NA,NA,0
2019-08-19,1149,1346,1136,1939,6347,6,2043,NA,NA,NA,0
2019-08-20,927,1094,1042,1881,5850,6,1968,NA,NA,NA,0
2019-08-21,817,999,983,1982,5993,7,2196,NA,NA,NA,0
2019-08-22,752,946,927,1755,5613,4,2406,NA,NA,NA,0
2019-08-23,786,930,947,1755,5679,8,2203,NA,NA,NA,0
2019-08-24,771,915,855,1602,5086,5,1939,NA,NA,NA,0
2019-08-25,870,1005,906,1622,6032,6,2167,NA,NA,NA,0
2019-08-26,851,1039,963,1873,6266,4,2213,NA,NA,NA,0
2019-08-27,768,989,981,1794,6578,19,5020,NA,NA,NA,0
2019-08-28,767,942,887,1822,6390,8,4194,NA,NA,NA,0
2019-08-29,1118,1440,1586,3170,12517,27,14817,NA,NA,NA,0
2019-08-30,870,1132,1301,2640,9849,46,7619,NA,NA,NA,0
2019-08-31,830,977,1029,2412,14003,31,5017,NA,NA,NA,0
2019-09-01,1087,1516,1475,4143,40566,35,5192,NA,NA,NA,0
2019-09-02,1100,1512,1354,3034,18835,39,3739,NA,NA,NA,0
2019-09-03,875,1193,1238,2446,10914,22,3113,NA,NA,NA,0
2019-09-04,973,1128,1152,2230,8445,11,2900,NA,NA,NA,0
2019-09-05,1025,1099,1183,2055,7896,8,2795,NA,NA,NA,0
2019-09-06,818,1059,940,1936,7497,11,2463,NA,NA,NA,0
2019-09-07,839,1251,1128,2550,12549,8,3076,NA,NA,NA,0
2019-09-08,1668,2424,2281,5709,51269,16,5639,NA,NA,NA,0
2019-09-09,1419,1950,1871,3967,23977,14,4000,NA,NA,NA,0
2019-09-10,1078,1485,1443,2819,11951,6,2921,NA,NA,NA,0
2019-09-11,1071,1384,1333,2480,8918,13,2767,NA,NA,NA,0
2019-09-12,1001,1291,1187,2094,7549,5,2530,NA,NA,NA,0
2019-09-13,971,1221,1223,1941,7186,18,2527,NA,NA,NA,0
2019-09-14,853,1104,1104,1796,6675,15,2264,NA,NA,NA,0
2019-09-15,901,1131,1080,1832,7271,8,2449,NA,NA,NA,0
2019-09-16,816,1047,1256,1944,7088,5,2340,NA,NA,NA,0
2019-09-17,881,1100,1162,1824,6349,9,2454,NA,NA,NA,0
2019-09-18,831,1017,1064,1620,5834,9,2171,NA,NA,NA,0
2019-09-19,1057,1293,1351,2311,9691,26,9236,NA,NA,NA,0
2019-09-20,873,1120,1119,2002,8296,7,3931,NA,NA,NA,0
2019-09-21,1046,1414,1460,3117,18509,10,4119,NA,NA,NA,0
2019-09-22,1804,2483,2696,6362,52295,17,5864,NA,NA,NA,0
2019-09-23,1415,2111,2014,4048,53422,14,4106,NA,NA,NA,0
2019-09-24,1022,1527,1458,2688,12309,16,2808,NA,NA,NA,0
2019-09-25,1215,1487,1320,2524,9280,15,2618,NA,NA,NA,0
2019-09-26,1069,1388,1360,2472,8774,19,2548,NA,NA,NA,0
2019-09-27,1046,1378,1266,2428,9367,23,3033,NA,NA,NA,0
2019-09-28,1534,1933,1847,3601,19207,52,4977,NA,NA,NA,0
2019-09-29,1951,2864,2485,5778,47416,52,5964,NA,NA,NA,0
2019-09-30,1401,2039,1725,3415,18623,35,4016,NA,NA,NA,0
2019-10-01,1242,1605,1344,2521,9501,19,2968,NA,NA,NA,0
2019-10-02,1247,1571,1272,2113,7619,20,2738,NA,NA,NA,0
2019-10-03,1018,1330,1210,1881,6601,29,2669,NA,NA,NA,0
2019-10-04,887,1228,1022,1563,6348,21,2729,NA,NA,NA,0
2019-10-05,785,1089,964,1599,8591,25,2855,NA,NA,NA,0
2019-10-06,850,1096,1015,1771,7320,13,2824,NA,NA,NA,0
2019-10-07,812,1034,928,1701,6705,18,2733,NA,NA,NA,0
2019-10-08,896,1190,935,1650,5958,12,2380,NA,NA,NA,0
2019-10-09,903,1178,955,1707,5602,8,2191,NA,NA,NA,0
2019-10-10,765,1018,826,1533,6279,18,2326,NA,NA,NA,0
2019-10-11,721,986,894,1645,7187,20,2446,NA,NA,NA,0
2019-10-12,1134,1160,918,1605,7858,14,2458,NA,NA,NA,0
2019-10-13,1691,2502,2202,4630,50375,17,5377,NA,NA,NA,0
2019-10-14,1012,1505,1331,2584,16029,12,3188,NA,NA,NA,0
2019-10-15,861,1202,1058,1882,9209,27,2647,NA,NA,NA,0
2019-10-16,870,1062,980,1714,7949,55,4431,NA,NA,NA,0
2019-10-17,842,1134,945,1700,7036,20,3462,NA,NA,NA,0
2019-10-18,783,1098,975,1529,6469,12,2764,NA,NA,NA,0
2019-10-19,709,898,874,1448,6098,16,2438,NA,NA,NA,0
2019-10-20,669,878,866,1463,6624,9,2554,NA,NA,NA,0
2019-10-21,732,1009,991,1592,6152,18,2654,NA,NA,NA,0
2019-10-22,705,976,894,1510,5547,27,2328,NA,NA,NA,0
2019-10-23,721,960,847,1580,9299,30,2469,NA,NA,NA,0
2019-10-24,687,886,905,1814,10766,21,2672,NA,NA,NA,0
2019-10-25,710,943,880,1754,7934,11,2779,NA,NA,NA,0
2019-10-26,842,995,989,2159,11079,20,3023,NA,NA,NA,0
2019-10-27,1194,1803,1527,3711,32010,24,4688,NA,NA,NA,0
2019-10-28,1230,1866,1451,3107,23836,12,3966,NA,NA,NA,0
2019-10-29,843,1189,1041,2024,10313,28,3009,NA,NA,NA,0
2019-10-30,980,1096,937,1712,7545,17,2752,NA,NA,NA,0
2019-10-31,851,1192,1008,1771,7372,1311,3986,NA,NA,NA,0
2019-11-01,930,1321,1120,1989,8573,1617,4448,NA,NA,NA,0
2019-11-02,948,1249,1143,2215,11013,1162,4141,NA,NA,NA,0
2019-11-03,2361,4226,2864,5104,36240,1672,7641,NA,NA,NA,0
2019-11-04,3246,5892,3409,5188,30770,2103,10507,NA,NA,NA,0
2019-11-05,1613,2591,2621,2704,11943,1153,5663,NA,NA,NA,0
2019-11-06,1134,1691,1372,1973,8165,878,3946,NA,NA,NA,0
2019-11-07,1072,1566,1142,1741,6864,842,3368,NA,NA,NA,0
2019-11-08,1034,1369,1083,1617,7397,793,3228,NA,NA,NA,0
2019-11-09,1054,1272,1117,1621,6182,666,2896,NA,NA,NA,0
2019-11-10,868,1138,1001,1441,5944,667,2868,NA,NA,NA,0
2019-11-11,844,1042,917,1562,5896,662,2939,NA,NA,NA,0
2019-11-12,930,1208,1074,1634,7620,1270,7890,NA,NA,NA,0
2019-11-13,883,1153,965,1407,5944,937,4078,NA,NA,NA,0
2019-11-14,832,1193,965,1481,5807,777,3438,NA,NA,NA,0
2019-11-15,825,1303,983,1553,6459,900,3897,NA,NA,NA,0
2019-11-16,1017,1379,1188,1920,9649,906,4378,NA,NA,NA,0
2019-11-17,1878,2218,2076,4068,47613,1553,8336,NA,NA,NA,0
2019-11-18,1972,2326,2257,3994,33679,1445,7141,NA,NA,NA,0
2019-11-19,1315,1614,1465,2505,12578,900,4548,NA,NA,NA,0
2019-11-20,1042,1319,1160,2030,8656,780,3864,NA,NA,NA,0
2019-11-21,974,1319,1149,1950,7612,819,3671,NA,NA,NA,0
2019-11-22,889,1141,1095,1787,7038,852,3831,NA,NA,NA,0
2019-11-23,747,1007,991,1571,6520,870,3622,NA,NA,NA,0
2019-11-24,844,1270,1072,1768,7024,938,3918,NA,NA,NA,0
2019-11-25,967,1347,1112,1709,6520,747,3466,NA,NA,NA,0
2019-11-26,853,1577,1063,1528,5765,671,3225,NA,NA,NA,0
2019-11-27,968,1489,997,1514,6037,941,3396,NA,NA,NA,0
2019-11-28,866,1313,1122,1734,8679,1438,9236,NA,NA,NA,0
2019-11-29,873,1167,1038,1776,7883,911,5140,NA,NA,NA,0
2019-11-30,895,1358,1174,2151,12611,1233,6141,NA,NA,NA,0
2019-12-01,2202,3181,2700,5324,43426,2608,17455,NA,NA,NA,0
2019-12-02,1784,2332,2029,3515,22626,1947,11894,NA,NA,NA,0
2019-12-03,951,1395,1218,2116,10468,1323,7506,1,NA,NA,0
2019-12-04,851,1171,1091,1716,8169,1119,6034,NA,NA,NA,0
2019-12-05,985,1132,1003,1605,6812,1053,5272,NA,NA,NA,0
2019-12-06,723,977,955,1490,6228,1036,4695,NA,NA,NA,0
2019-12-07,778,998,940,1506,5764,870,4197,NA,NA,NA,0
2019-12-08,747,1007,964,1589,5858,892,4488,9,NA,NA,0
2019-12-09,756,882,870,1367,5702,845,4253,4,NA,NA,0
2019-12-10,627,833,758,1211,5064,809,4244,NA,NA,NA,0
2019-12-11,595,714,690,1139,4720,717,3787,2,NA,NA,0
2019-12-12,625,792,770,1217,4494,763,3694,12,NA,NA,0
2019-12-13,583,684,691,1032,3997,637,2976,2,NA,NA,0
2019-12-14,533,665,689,1075,3864,745,2977,2,NA,NA,0
2019-12-15,564,723,789,1130,4612,760,3326,NA,NA,NA,0
2019-12-16,651,787,762,1113,4781,646,3309,1,NA,NA,0
2019-12-17,703,746,693,1092,4491,783,3277,1,NA,NA,0
2019-12-18,584,724,719,1088,4362,775,3356,2,NA,NA,0
2019-12-19,574,680,671,1018,4081,620,3201,3,NA,NA,0
2019-12-20,475,607,572,906,3699,660,2878,3,NA,NA,0
2019-12-21,459,685,594,946,3619,595,2836,1,NA,NA,0
2019-12-22,502,683,679,1045,3745,639,2919,1,NA,NA,0
2019-12-23,559,758,746,1190,4598,1338,3922,6,NA,NA,0
2019-12-24,518,639,657,1104,3944,829,3018,4,NA,NA,0
2019-12-25,450,574,607,982,3443,681,3031,1,NA,NA,0
2019-12-26,528,548,613,992,3664,791,3457,1,NA,NA,0
2019-12-27,605,680,647,1032,3784,732,3307,1,NA,NA,0
2019-12-28,550,721,760,1048,3837,830,3243,8,NA,NA,0
2019-12-29,820,716,662,955,4084,781,3466,3,NA,NA,0
2019-12-30,761,766,713,1016,3832,808,3917,10,NA,NA,0
2019-12-31,626,736,649,957,3415,675,3536,2,NA,NA,0
2020-01-01,533,653,656,960,3714,1026,7308,3,NA,NA,0
2020-01-02,571,695,727,1050,3838,1020,6793,4,NA,NA,0
2020-01-03,578,719,713,1029,3551,902,5692,4,NA,NA,0
2020-01-04,517,659,653,1014,3126,745,4909,3,NA,NA,0
2020-01-05,488,648,693,1006,3062,822,4959,3,NA,NA,0
2020-01-06,531,701,658,963,3151,798,5326,1,NA,NA,0
2020-01-07,600,732,678,997,3421,1723,6011,8,NA,NA,0
2020-01-08,469,651,625,891,3067,978,5130,4,NA,NA,0
2020-01-09,469,625,568,862,2845,895,4740,9,NA,NA,0
2020-01-10,504,716,774,817,2893,761,4961,2,NA,NA,0
2020-01-11,510,643,594,890,3143,876,4963,2,NA,NA,0
2020-01-12,500,608,629,961,3070,879,5087,7,NA,NA,0
2020-01-13,480,588,585,839,2962,868,5056,1,NA,NA,0
2020-01-14,513,631,580,840,2724,987,4597,7,NA,NA,0
2020-01-15,426,546,545,809,2646,850,5183,8,NA,NA,0
2020-01-16,419,533,594,764,2661,741,4554,8,NA,NA,0
2020-01-17,543,638,618,795,2727,837,4955,6,NA,NA,0
2020-01-18,494,632,621,845,2641,799,4487,1,NA,NA,0
2020-01-19,556,669,655,867,2634,848,4994,3,NA,NA,0
2020-01-20,514,625,579,797,2578,918,6458,7,NA,NA,0
2020-01-21,433,580,570,814,2725,898,5177,3,NA,NA,0
2020-01-22,473,579,556,814,2497,1099,4735,6,NA,NA,0
2020-01-23,420,537,584,931,2661,801,4350,7,NA,NA,0
2020-01-24,446,625,505,760,2519,727,3960,4,NA,NA,0
2020-01-25,433,550,557,911,2583,716,4112,2,NA,NA,0
2020-01-26,401,501,594,933,2627,746,4237,2,NA,NA,0
2020-01-27,380,457,524,831,2637,736,4232,3,NA,NA,0
2020-01-28,456,577,594,860,2553,762,4305,4,NA,NA,0
2020-01-29,460,650,603,953,2588,881,4703,5,NA,NA,0
2020-01-30,476,566,545,798,2421,847,4517,7,NA,NA,0
2020-01-31,449,538,530,912,2998,3847,7246,3,NA,NA,0
2020-02-01,459,584,550,835,2623,1878,5241,6,NA,NA,0
2020-02-02,414,485,569,951,2813,1384,5754,6,NA,NA,0
2020-02-03,425,498,486,821,2376,1225,5322,6,NA,NA,0
2020-02-04,415,503,527,1118,2666,1156,5799,35,NA,NA,0
2020-02-05,461,577,574,897,2649,1219,6370,453,NA,NA,0
2020-02-06,464,566,580,934,2800,1286,6677,438,NA,NA,0
2020-02-07,448,582,545,821,2711,1092,5803,379,NA,NA,0
2020-02-08,488,627,608,873,2515,1062,5270,361,NA,NA,0
2020-02-09,514,608,580,1017,2876,1041,5922,337,NA,NA,0
2020-02-10,527,780,643,977,2958,1091,6517,358,NA,NA,0
2020-02-11,554,703,717,1086,3350,1433,8111,410,NA,NA,0
2020-02-12,524,672,704,1114,4032,1716,13814,391,NA,NA,0
2020-02-13,501,645,673,1043,3531,1290,9619,11,NA,NA,0
2020-02-14,453,632,719,1643,3489,1257,9715,5,NA,NA,0
2020-02-15,534,703,761,1192,3834,1237,9762,9,NA,NA,0
2020-02-16,521,751,787,1231,4002,1204,8536,7,NA,NA,0
2020-02-17,633,724,792,1475,4491,1522,10712,7,NA,NA,0
2020-02-18,623,850,818,1511,4487,1202,8562,5,NA,NA,0
2020-02-19,585,836,827,1456,5193,1357,11614,5,NA,NA,0
2020-02-20,640,829,856,1470,4459,1312,9977,9,NA,NA,0
2020-02-21,658,785,774,1407,4207,1211,8061,7,NA,NA,0
2020-02-22,518,650,704,1316,3726,1037,7098,3,NA,NA,0
2020-02-23,638,833,776,1557,3981,1065,7479,14,NA,NA,0
2020-02-24,594,743,691,1293,3780,1042,6813,4,NA,NA,0
2020-02-25,603,722,683,1265,3480,909,6375,2,NA,NA,0
2020-02-26,583,804,723,1288,3788,983,7929,7,NA,NA,0
2020-02-27,537,685,682,1350,3863,996,7845,5,NA,NA,0
2020-02-28,761,1047,1023,3199,20123,1271,12875,9,NA,NA,0
2020-02-29,1041,1616,1616,4878,36998,1674,23075,5,NA,NA,0
2020-03-01,1369,2027,1930,5504,37625,1941,27254,4,NA,NA,0
2020-03-02,1190,1869,1698,4650,28122,1826,22856,6,NA,NA,0
2020-03-03,1189,1813,1635,4163,23338,1510,18609,4,NA,NA,0
2020-03-04,1204,1696,1483,3926,21681,1471,17727,4,NA,NA,0
2020-03-05,1272,1796,1639,3915,19437,1364,17036,3,NA,NA,0
2020-03-06,1190,1560,1401,3452,16923,1233,15467,5,NA,NA,0
2020-03-07,1173,1604,1438,3512,17558,1262,16462,4,NA,NA,0
2020-03-08,1350,1960,1631,3863,18736,1495,20456,2,NA,NA,0
2020-03-09,1322,1796,1606,3578,16068,1347,17996,8,NA,NA,0
2020-03-10,1222,1710,1537,3264,14036,1255,15280,NA,NA,NA,0
2020-03-11,1126,1571,1411,2928,12614,1337,15055,4,NA,NA,0
2020-03-12,910,1317,1129,2503,11175,1321,27396,4,NA,NA,0
2020-03-13,783,1186,1063,2324,9777,1726,33437,6,NA,NA,0
2020-03-14,1045,1340,1279,2926,11356,1229,18051,6,NA,NA,0
2020-03-15,999,1433,1333,3035,12572,1189,15633,1,NA,NA,0
2020-03-16,985,1312,1212,2295,9074,907,11223,3,NA,NA,0
2020-03-17,1122,1375,1171,2470,8822,982,9806,3,NA,NA,0
2020-03-18,1017,1298,1171,2319,8486,961,9460,1,NA,NA,0
2020-03-19,964,1313,1162,2573,8673,2025,18082,11,NA,NA,0
2020-03-20,862,1383,1693,2374,8451,1861,12832,845,NA,NA,0
2020-03-21,1521,7126,2186,3119,10336,1488,10547,595,NA,NA,0
2020-03-22,1365,3721,1888,3318,11115,1273,11849,507,NA,NA,0
2020-03-23,1126,2313,1547,2638,8791,1491,13440,622,NA,NA,0
2020-03-24,1073,1731,1242,2316,7945,1160,9327,440,NA,NA,0
2020-03-25,1065,1627,1488,2649,7674,1112,8310,390,NA,NA,0
2020-03-26,1091,1619,1339,2438,7655,1016,7782,375,NA,NA,0
2020-03-27,1134,1594,1288,2291,7203,983,7543,335,NA,NA,0
2020-03-28,2320,2568,1806,3012,8786,1120,8571,383,NA,NA,0
2020-03-29,2137,2602,1963,3268,9522,1157,9023,373,NA,NA,0
2020-03-30,1470,1832,1586,2690,7727,998,7830,366,NA,NA,0
2020-03-31,1176,1644,1478,2473,6965,1018,7059,349,NA,NA,0
2020-04-01,1302,1680,1482,2436,7017,1705,7572,495,NA,NA,0
2020-04-02,1330,1636,1544,2646,6890,1376,7643,442,NA,NA,0
2020-04-03,1128,1481,1450,2178,6500,1044,6908,334,NA,NA,0
2020-04-04,1349,1687,1480,2504,7145,949,7223,307,NA,NA,0
2020-04-05,1208,1833,1622,2626,7866,1045,8394,318,NA,NA,0
2020-04-06,1196,1632,1431,2324,6646,994,7484,296,NA,NA,0
2020-04-07,1256,2089,1473,2332,6524,1144,9009,349,NA,NA,0
2020-04-08,1275,1889,1471,2225,6087,1121,8369,367,NA,NA,0
2020-04-09,1412,1982,1562,2304,6021,957,6920,327,NA,NA,0
2020-04-10,1220,1741,1470,2415,6526,877,6578,278,NA,NA,0
2020-04-11,1306,1786,1587,2609,7690,857,6680,300,NA,NA,0
2020-04-12,1414,2012,1603,2726,7587,925,7216,297,NA,NA,0
2020-04-13,1579,2149,1740,2771,7105,974,7178,353,213,NA,0
2020-04-14,1479,1904,1768,2422,6048,1043,7033,377,243,NA,0
2020-04-15,1357,1891,1611,2381,6101,941,6882,387,212,NA,0
2020-04-16,1354,1828,1562,2359,5746,967,6775,376,264,NA,0
2020-04-17,1239,1687,1521,2405,5758,977,6534,402,288,NA,0
2020-04-18,1177,1736,1672,3291,6451,1037,6665,348,239,NA,0
2020-04-19,1139,1676,1518,2875,6630,1042,7146,364,244,NA,0
2020-04-20,1209,1540,1381,2303,5654,1146,6493,362,249,NA,0
2020-04-21,1284,1575,1481,2356,5552,1076,5900,338,NA,NA,0
2020-04-22,1317,1555,1526,2309,5245,1021,5844,348,NA,NA,0
2020-04-23,1314,1538,1439,2179,5167,935,5394,303,NA,NA,0
2020-04-24,1232,1474,1323,2124,5163,914,5593,325,NA,NA,0
2020-04-25,1616,1804,1652,2426,5716,886,6262,305,NA,NA,0
2020-04-26,1794,1913,1745,2459,6215,929,6802,351,NA,NA,0
2020-04-27,1420,1771,1581,2297,5488,1564,12550,486,NA,NA,0
2020-04-28,1262,1459,1313,2032,5084,1072,7365,319,NA,NA,0
2020-04-29,1263,1537,1440,2154,5175,975,6248,321,NA,NA,0
2020-04-30,1151,1497,1360,2103,5081,924,5893,306,NA,NA,0
2020-05-01,1310,1565,1426,2088,5333,957,6373,298,NA,NA,0
2020-05-02,1330,1628,1464,2365,5543,966,6062,309,NA,NA,0
2020-05-03,1264,1556,1392,2436,5967,983,6916,320,NA,NA,0
2020-05-04,1254,1495,1266,2015,4852,974,5759,275,NA,NA,0
2020-05-05,1130,1351,1200,1805,4508,978,5125,308,NA,NA,0
2020-05-06,1097,1406,1280,1903,4763,851,5186,304,NA,NA,0
2020-05-07,999,1313,1239,1933,4543,910,5239,394,NA,NA,0
2020-05-08,1123,1370,1295,1984,4411,799,5072,302,NA,NA,0
2020-05-09,1096,1444,1396,2726,4972,835,5243,275,NA,NA,0
2020-05-10,1244,1557,1376,2501,5525,907,6166,296,NA,NA,0
2020-05-11,1415,1463,1368,2133,4698,985,5178,320,1,NA,0
2020-05-12,3667,3802,4029,5825,12526,8198,15294,1384,NA,NA,0
2020-05-13,3021,3028,3015,4656,9851,6184,11453,1070,NA,NA,0
2020-05-14,4194,4217,4168,6213,18067,26183,22943,3087,NA,NA,0
2020-05-15,2561,2795,2677,3775,9093,9336,12699,1278,1,NA,0
2020-05-16,2043,2100,2038,3177,7425,5690,10090,791,NA,NA,0
2020-05-17,2096,2341,2116,3121,7315,5130,9425,792,NA,NA,0
2020-05-18,1771,2188,1962,3120,6385,4968,8572,767,NA,NA,0
2020-05-19,1677,2149,1891,2765,6096,4116,7754,750,NA,NA,0
2020-05-20,1359,1860,1721,2428,5520,3047,6756,631,NA,NA,0
2020-05-21,1338,1829,1643,2427,5535,2943,6574,629,NA,NA,0
2020-05-22,1500,1837,1622,2503,5454,2744,6176,561,NA,NA,0
2020-05-23,1346,1763,1558,3024,5702,2887,6503,604,NA,NA,0
2020-05-24,1298,1829,1615,2803,6236,2882,7527,568,NA,NA,0
2020-05-25,1267,2037,1525,2451,5604,2871,6634,542,NA,NA,0
2020-05-26,1200,1941,1464,2429,5361,2644,6432,539,NA,NA,0
2020-05-27,1143,1818,1393,2054,4891,2461,6138,548,NA,NA,0
2020-05-28,1028,1725,1373,2080,4789,2893,8626,644,NA,NA,0
2020-05-29,1306,1871,1696,2253,4972,2640,7362,602,NA,NA,0
2020-05-30,1106,1581,1304,2010,5247,2318,8171,478,NA,NA,0
2020-05-31,1141,1855,1277,2023,5366,2270,7871,462,NA,NA,0
2020-06-01,1090,1486,1436,1880,4757,2091,7577,462,NA,NA,0
2020-06-02,1054,1356,1471,1963,5406,2865,17737,610,NA,NA,0
2020-06-03,1076,1472,1552,1918,4925,2481,9601,527,NA,NA,0
2020-06-04,956,1424,1516,1886,4791,2276,7646,498,NA,NA,0
2020-06-05,963,1378,1411,1782,4358,2115,6654,469,NA,NA,0
2020-06-06,1153,1620,2499,2132,4815,2108,6820,397,NA,NA,0
2020-06-07,1067,1551,1973,2100,4982,2168,7390,437,NA,NA,0
2020-06-08,1142,1581,1504,1888,4651,2023,6594,424,NA,NA,0
2020-06-09,1093,1557,1459,1934,4523,2018,6529,413,NA,NA,0
2020-06-10,1100,1533,1417,2015,4433,2035,6756,432,NA,NA,0
2020-06-11,1028,1475,1292,1864,4328,2119,8314,443,NA,NA,0
2020-06-12,1099,1685,1175,1729,4304,2552,11951,550,NA,NA,0
2020-06-13,929,1364,1162,1623,3875,1981,7509,353,NA,NA,0
2020-06-14,1135,1396,1231,1754,4298,1987,7888,433,NA,NA,0
2020-06-15,958,1213,1102,1761,4082,1907,6891,418,NA,NA,0
2020-06-16,1033,1308,1252,1711,4031,1828,6412,390,NA,NA,0
2020-06-17,929,1331,1150,1650,3798,1644,6545,390,NA,NA,0
2020-06-18,900,1209,1161,1676,3772,1679,6084,445,NA,NA,0
2020-06-19,832,1160,1074,1581,3698,1751,6089,387,NA,NA,0
2020-06-20,900,2524,1145,1747,3616,1761,6255,377,NA,NA,0
2020-06-21,897,1826,1115,1764,4126,2078,7052,383,NA,NA,0
2020-06-22,869,1491,1045,1543,4112,1975,6696,396,NA,NA,0
2020-06-23,759,1088,927,1397,3677,1712,6099,364,NA,NA,0
2020-06-24,770,1057,950,1414,3572,1629,6213,338,NA,NA,0
2020-06-25,691,1004,884,1290,3537,1694,6469,384,NA,NA,0
2020-06-26,681,1018,962,1331,3586,1877,7044,390,NA,NA,0
2020-06-27,813,1193,945,1399,3797,1794,7088,312,NA,NA,0
2020-06-28,740,1163,1002,1544,4423,2093,8562,432,NA,NA,0
2020-06-29,888,1280,1143,1633,4610,2191,10717,389,NA,NA,0
2020-06-30,843,1148,1165,1612,4432,1981,9706,379,NA,NA,0
2020-07-01,787,1069,1066,1543,4408,2008,9293,382,NA,NA,0
2020-07-02,839,1121,1218,1705,4890,2515,11499,393,NA,NA,0
2020-07-03,916,1432,1414,1862,6018,3819,18989,516,NA,NA,0
2020-07-04,1223,1897,1701,2414,8136,4767,28230,634,NA,NA,0
2020-07-05,1847,2803,2582,3793,13427,7428,74555,1087,NA,NA,0
2020-07-06,1411,1999,1948,2663,7602,4068,34377,717,NA,NA,0
2020-07-07,1454,2049,1930,3015,6417,8789,21124,1059,NA,NA,0
2020-07-08,1676,2236,2223,3702,6614,19616,21991,2587,NA,NA,0
2020-07-09,1410,1933,1815,2880,5605,8098,16965,1453,NA,NA,0
2020-07-10,1235,1765,1657,2614,6118,7187,37244,1147,NA,NA,0
2020-07-11,1538,2115,1925,2912,6575,5704,31852,1051,NA,NA,0
2020-07-12,2487,3684,3348,4688,12381,9012,85301,1497,NA,NA,0
2020-07-13,2024,2827,2510,3565,7838,5801,31278,1030,NA,NA,0
2020-07-14,1724,2380,2272,3154,6201,5191,16899,892,NA,NA,0
2020-07-15,1658,2218,2220,3153,6079,6519,15365,1053,NA,NA,0
2020-07-16,1852,2502,2388,3203,6120,8019,15014,1239,NA,NA,0
2020-07-17,1830,2387,2157,3099,5956,5523,15128,919,NA,NA,0
2020-07-18,2240,3141,2855,3895,7961,5521,23233,973,NA,NA,0
2020-07-19,3278,4884,3959,5249,11107,7928,64532,1405,NA,NA,0
2020-07-20,2552,4016,3184,4144,7080,4563,27198,984,NA,NA,0
2020-07-21,2096,3058,2612,3554,6029,3460,15153,734,NA,NA,0
2020-07-22,1774,2519,2179,3082,5288,3221,13115,726,NA,NA,0
2020-07-23,1576,2167,2157,3019,4989,3031,13094,688,NA,NA,0
2020-07-24,1629,2264,2090,2813,5284,4361,35215,850,NA,NA,0
2020-07-25,1505,2091,1875,2596,4688,3263,20601,659,NA,NA,0
2020-07-26,1606,2140,1867,2555,4710,2960,15601,567,NA,NA,0
2020-07-27,1531,2111,1896,2557,4401,2741,13525,629,NA,NA,0
2020-07-28,1447,1977,1814,2437,4508,2667,11525,693,NA,NA,0
2020-07-29,1430,1945,1645,2368,3996,2699,10685,702,NA,NA,0
2020-07-30,1547,2327,1889,2565,4548,2792,16526,652,NA,NA,0
2020-07-31,1573,2381,1997,2729,5145,3138,21478,718,NA,NA,0
2020-08-01,1863,2725,2309,3006,5886,3444,20802,831,NA,NA,0
2020-08-02,2695,4217,3352,4708,9275,6415,62637,1382,NA,NA,0
2020-08-03,2166,3399,2666,3713,6414,4028,27893,928,NA,NA,0
2020-08-04,1934,2705,2313,3137,5122,3084,15585,728,NA,NA,0
2020-08-05,1645,2663,2105,2806,4411,2505,12327,508,NA,NA,0
2020-08-06,1920,3000,2447,2991,4693,6123,13373,1078,NA,NA,0
2020-08-07,1783,2614,2864,2974,4595,4711,22941,875,NA,NA,0
2020-08-08,1952,2844,2522,3958,5568,5184,22232,875,NA,NA,0
2020-08-09,2839,4265,3463,4944,9401,7450,66894,1274,NA,NA,0
2020-08-10,2322,3233,2804,4157,6413,4556,27577,784,1,NA,0
2020-08-11,1921,2718,2726,3421,5065,3941,15254,764,NA,NA,0
2020-08-12,1912,2537,2261,2959,4609,3437,12568,621,NA,NA,0
2020-08-13,1728,2320,2155,2879,4578,3280,12245,626,NA,NA,0
2020-08-14,1542,2203,1855,2408,4148,3175,12884,643,NA,NA,0
2020-08-15,1761,2870,2097,2909,5203,3930,18279,691,NA,NA,0
2020-08-16,2900,5176,3497,4723,8614,7788,55575,1227,NA,NA,0
2020-08-17,2458,4348,3023,3975,6042,4540,24752,871,NA,NA,0
2020-08-18,1881,2866,2243,3002,4499,3576,14098,788,NA,NA,0
2020-08-19,1657,2183,1848,2529,3985,4666,13158,1286,NA,NA,0
2020-08-20,1631,2204,1855,2558,3850,3505,11338,824,NA,NA,0
2020-08-21,1628,2167,1848,2428,3548,3519,11587,775,NA,NA,0
2020-08-22,1566,1990,1783,2384,3626,2856,11092,633,NA,NA,0
2020-08-23,1601,1912,1642,2238,3676,3121,11820,644,NA,NA,0
2020-08-24,1409,1706,1554,2196,3311,2899,10093,684,NA,NA,0
2020-08-25,1549,1963,1706,2473,4286,4368,23482,871,NA,NA,0
2020-08-26,1247,1588,1486,2051,3294,3018,12804,627,NA,NA,0
2020-08-27,1172,1434,1334,1895,3132,2793,10505,578,NA,NA,0
2020-08-28,1130,1513,1374,1908,3614,3469,15626,640,NA,NA,0
2020-08-29,1354,1826,1643,2408,4440,4547,19929,778,NA,NA,0
2020-08-30,2316,3352,2698,3682,7770,8298,59968,1292,NA,NA,0
2020-08-31,1900,2669,2444,3099,5705,4662,25080,960,NA,NA,0
2020-09-01,1431,1935,1832,2433,4040,3756,14357,672,NA,NA,0
2020-09-02,1330,1864,1688,2240,3723,3450,12101,615,NA,NA,0
2020-09-03,1588,1904,1758,2277,3596,3642,11612,602,NA,NA,0
2020-09-04,1307,1690,1516,2109,3444,3521,12433,648,NA,NA,0
2020-09-05,1477,2046,1762,2452,4263,4752,19186,797,NA,NA,0
2020-09-06,3064,3985,3952,4936,10142,17165,95868,2163,NA,NA,0
2020-09-07,2483,3187,3215,4017,6944,8612,39536,1302,NA,NA,0
2020-09-08,1854,2414,2378,3131,5023,5771,19779,946,NA,NA,0
2020-09-09,1743,2210,2176,2790,4502,11733,18870,1269,NA,NA,0
2020-09-10,2333,3021,3001,3954,6023,38018,28069,3012,NA,NA,0
2020-09-11,1533,2071,2039,2660,4316,11698,22188,1406,379,NA,0
2020-09-12,1684,2274,1934,2705,4648,9633,30357,1223,129,NA,0
2020-09-13,2581,3791,2974,4385,8232,13220,81735,2026,NA,NA,0
2020-09-14,2001,3006,2528,3517,5747,7058,32025,1276,NA,NA,0
2020-09-15,1576,2187,2045,2834,4371,5054,15943,892,NA,NA,0
2020-09-16,1513,2105,1862,2538,3627,4400,12321,862,NA,NA,0
2020-09-17,1492,1925,2260,2499,3386,3829,10724,765,NA,NA,0
2020-09-18,1366,1847,1675,2223,3123,3689,10113,673,NA,NA,0
2020-09-19,1166,1449,1293,1946,2770,3549,9893,616,NA,NA,0
2020-09-20,1221,1545,1494,2022,2923,3580,10912,630,NA,NA,0
2020-09-21,1160,1489,1376,1872,2793,3348,9535,692,NA,NA,0
2020-09-22,1247,1583,1323,1801,2823,3277,8798,669,NA,NA,0
2020-09-23,1091,1411,1241,1730,2687,3446,8288,601,NA,NA,0
2020-09-24,1131,1456,1253,1733,2644,3617,8775,637,NA,NA,0
2020-09-25,1097,1350,1339,1830,2783,3777,9767,663,NA,NA,0
2020-09-26,1237,1667,1418,1977,3465,4869,15973,819,NA,NA,0
2020-09-27,1509,2205,2032,2881,5318,7501,53066,1041,NA,NA,0
2020-09-28,1404,1973,1718,2307,3677,4457,21388,731,NA,NA,0
2020-09-29,1177,1599,1453,2125,3203,4411,13803,708,NA,NA,0
2020-09-30,961,1317,1271,1774,2732,3610,10365,594,NA,NA,0
2020-10-01,1023,1443,1433,1790,2513,3350,9232,607,NA,NA,0
2020-10-02,1291,1712,1470,1980,2759,6151,11533,2960,NA,NA,0
2020-10-03,1038,1190,1171,1650,2357,4102,9827,1464,NA,NA,0
2020-10-04,1085,1286,1182,1727,2511,3590,9226,1000,NA,NA,0
2020-10-05,968,1248,1158,1550,2334,3408,8302,915,NA,NA,0
2020-10-06,1021,1293,1153,1556,2281,3240,7557,830,NA,NA,0
2020-10-07,1025,1254,1200,1660,2320,3316,7779,807,NA,NA,0
2020-10-08,993,1211,1207,1645,2296,3625,8330,746,NA,NA,0
2020-10-09,951,1203,1060,1533,2161,3595,10341,772,NA,NA,0
2020-10-10,1180,1497,1430,1791,3029,4524,19180,888,NA,NA,0
2020-10-11,2324,3407,2823,3788,6117,9022,65426,1504,NA,NA,0
2020-10-12,2128,2864,2389,3312,4604,5788,28933,1120,NA,NA,0
2020-10-13,1592,2130,1917,2699,3560,4913,15652,905,NA,NA,0
2020-10-14,1440,1652,1551,2204,3036,4358,12230,810,NA,NA,0
2020-10-15,1213,1532,1492,2007,2759,3793,10904,740,NA,NA,0
2020-10-16,1124,1552,1431,1896,2629,4418,12681,750,NA,NA,0
2020-10-17,1024,1274,1293,1741,2482,3902,11410,639,NA,NA,0
2020-10-18,1019,1310,1290,1656,2532,4084,11600,680,NA,NA,0
2020-10-19,1057,1443,1309,1852,2580,3945,10030,637,NA,NA,0
2020-10-20,985,1300,1214,1635,2343,3919,8963,656,NA,NA,0
2020-10-21,1063,1483,1303,1727,2315,3965,9432,609,NA,NA,0
2020-10-22,1598,2335,1693,2381,2946,9737,12541,1194,NA,NA,0
2020-10-23,1025,1467,1216,1605,2310,5814,11811,945,NA,NA,0
2020-10-24,1124,1537,1416,2826,3056,6001,16367,857,NA,NA,0
2020-10-25,2706,3779,3024,3672,6489,9781,56893,1447,NA,NA,0
2020-10-26,2594,4102,2978,3627,5514,6812,27800,1099,NA,NA,0
2020-10-27,2078,3038,2460,3057,4653,7420,16048,1058,NA,NA,0
2020-10-28,1729,2330,2066,2681,3849,10976,14845,1366,NA,NA,0
2020-10-29,1503,1989,1826,2216,3271,6943,12056,974,NA,NA,0
2020-10-30,1574,1928,1848,2496,3562,14324,15603,1357,NA,NA,0
2020-10-31,1467,1922,1706,2290,3640,8310,18711,941,NA,NA,0
2020-11-01,2707,3730,3116,4052,6713,12450,68149,1679,NA,NA,0
2020-11-02,2180,3086,2563,3263,4820,7867,26519,1172,NA,NA,0
2020-11-03,1755,2526,2158,2641,3536,6098,13794,968,NA,NA,0
2020-11-04,1229,1676,1401,1746,2382,4771,9794,680,NA,NA,0
2020-11-05,1135,1512,1355,1796,2411,10371,10111,1124,NA,NA,0
2020-11-06,1143,1446,1367,1717,2357,7773,9551,943,NA,NA,0
2020-11-07,1068,1295,1081,1397,2170,5475,9172,713,NA,NA,0
2020-11-08,1245,1403,1225,1596,2263,5138,9705,631,NA,NA,0
2020-11-09,1202,1355,1209,1652,2180,5486,8465,774,NA,NA,0
2020-11-10,1166,1471,1306,1766,2775,12467,10747,1601,NA,NA,0
2020-11-11,1189,1488,1302,1736,2327,6663,8548,1050,NA,NA,0
2020-11-12,1134,1448,1225,1616,2202,6326,8923,914,NA,NA,0
2020-11-13,1087,1783,1231,1631,2204,5829,9715,827,NA,NA,0
2020-11-14,1405,1929,1735,2148,3400,7080,18873,948,NA,NA,0
2020-11-15,4721,9017,4926,5693,8031,16287,72794,1917,NA,NA,0
2020-11-16,3500,5247,3708,4359,5358,9427,32048,1377,NA,NA,0
2020-11-17,2573,3668,2744,3285,4440,7229,19202,1038,NA,NA,0
2020-11-18,1906,2816,2141,2554,3225,6168,14281,869,NA,NA,0
2020-11-19,1674,2396,1872,2388,2917,5865,12799,894,1,NA,0
2020-11-20,1608,2191,1738,2329,2919,5576,11305,819,NA,NA,0
2020-11-21,1425,2060,1680,2276,2672,5437,9277,739,NA,NA,0
2020-11-22,1387,1924,1694,2147,2701,5703,9732,744,NA,NA,0
2020-11-23,1598,2094,1682,2258,2719,5745,8848,788,NA,NA,0
2020-11-24,1683,2466,1760,2239,2755,4916,8470,739,NA,NA,0
2020-11-25,1487,1990,1692,1994,2316,4641,8019,613,NA,NA,0
2020-11-26,1226,1601,1459,1726,2313,5035,8212,664,NA,NA,0
2020-11-27,1170,1544,1352,1597,2476,6197,10488,724,NA,NA,0
2020-11-28,1285,1742,1574,1958,2953,8021,14918,922,NA,NA,0
2020-11-29,2050,2740,2706,3413,5133,15967,50883,1458,NA,NA,0
2020-11-30,1757,2391,2242,3155,4092,11398,32999,1253,NA,NA,0
2020-12-01,2222,2968,3040,3841,4444,20150,34996,1947,NA,NA,0
2020-12-02,2094,2810,2733,3597,4686,33322,36448,2825,NA,NA,0
2020-12-03,1669,2122,2161,2934,3709,13257,18566,1380,NA,NA,0
2020-12-04,1776,2312,2159,2843,3773,10942,20316,1206,NA,NA,0
2020-12-05,1830,2437,2273,2990,4158,11941,23710,1305,NA,NA,0
2020-12-06,2906,3749,3536,4610,6835,32186,76652,2722,NA,NA,0
2020-12-07,2812,3777,3686,4880,6668,19657,44351,2389,NA,NA,0
2020-12-08,2330,2976,2816,3787,4909,12513,20501,1631,NA,NA,0
2020-12-09,2174,2792,2633,3451,4191,11429,16251,1438,NA,NA,0
2020-12-10,2376,2898,2640,3729,4232,11093,18943,1275,NA,NA,0
2020-12-11,2144,2984,2622,3579,4210,11576,16159,1376,NA,NA,0
2020-12-12,2269,3425,2699,3581,5517,14310,23841,1683,NA,NA,0
2020-12-13,4505,5791,5718,7470,10959,44755,75191,5012,NA,NA,0
2020-12-14,3561,4352,4691,5910,7468,28714,34643,2952,NA,NA,0
2020-12-15,2660,3126,3329,4251,5171,18284,19047,1928,NA,NA,0
2020-12-16,2999,3383,3173,3998,4971,33176,19355,2739,NA,NA,0
2020-12-17,2516,2893,2755,3668,4349,20152,14760,1974,NA,NA,0
2020-12-18,2950,3507,3407,4478,5176,38736,21148,3079,NA,NA,0
2020-12-19,2389,2795,2676,3662,4065,20225,14096,1975,NA,NA,0
2020-12-20,2198,2537,2350,3130,3764,14373,12124,1504,NA,NA,0
2020-12-21,1942,2426,2580,3065,3623,13055,11444,1344,NA,NA,0
2020-12-22,1663,2128,2087,2806,3272,11491,10297,1243,NA,NA,0
2020-12-23,1610,2084,1962,2557,3157,10780,9526,1141,NA,NA,0
2020-12-24,1364,1696,1523,2159,2656,8735,8081,944,NA,NA,0
2020-12-25,1157,1557,1471,2045,2424,8087,7021,837,NA,NA,0
2020-12-26,1306,1774,1539,2194,2756,8728,7864,1007,NA,NA,0
2020-12-27,1658,2000,1812,2453,3207,8938,8691,1099,NA,NA,0
2020-12-28,1417,1831,1725,2498,3177,9068,9179,1017,NA,NA,0
2020-12-29,1377,1721,1690,2764,2861,8841,8495,978,NA,NA,0
2020-12-30,1364,1645,1602,2299,2969,9172,8576,1026,NA,NA,0
2020-12-31,1407,1637,1544,2070,2609,9052,8740,889,NA,NA,0
2021-01-01,1222,1790,1409,2048,2698,12334,7705,1257,NA,NA,0
2021-01-02,1547,2429,1698,2232,2848,11081,7821,1035,NA,NA,0
2021-01-03,1418,2475,1680,2329,2765,10804,7643,1047,NA,NA,0
2021-01-04,1473,2138,1709,2419,2780,13228,7684,1117,NA,NA,0
2021-01-05,1488,1901,1618,2066,2620,11349,6967,969,NA,NA,0
2021-01-06,1235,1529,1366,1836,2302,9805,6006,1027,NA,NA,0
2021-01-07,1196,1618,1473,1942,2344,11448,6657,1041,NA,NA,0
2021-01-08,1273,1545,1485,1899,2307,10107,6560,926,NA,NA,0
2021-01-09,1206,1573,1585,1754,2130,9057,5754,805,NA,NA,0
2021-01-10,1185,1639,1407,1814,2310,9220,5993,863,NA,NA,0
2021-01-11,1242,1492,1448,1743,2203,9987,6088,982,NA,NA,0
2021-01-12,1151,1286,1285,1611,2221,18857,7785,1456,NA,NA,0
2021-01-13,1047,1284,1253,1653,2066,10687,5966,1156,NA,NA,0
2021-01-14,866,1092,1162,1552,1924,11457,5927,1102,NA,NA,0
2021-01-15,806,976,965,1342,1836,9829,5486,879,NA,NA,0
2021-01-16,881,1175,1062,1400,1728,8740,5255,806,NA,NA,0
2021-01-17,896,1080,1105,1429,1951,8916,5205,889,NA,NA,0
2021-01-18,870,1145,1050,1309,1725,8510,5261,895,NA,NA,0
2021-01-19,933,1206,1059,1374,1784,8521,5045,810,NA,NA,0
2021-01-20,818,1007,980,1296,1662,8451,4894,827,NA,NA,0
2021-01-21,896,1080,1044,1489,1698,7924,4730,777,NA,NA,0
2021-01-22,885,1090,971,1334,1630,8229,4876,750,NA,NA,0
2021-01-23,780,1003,923,1373,1654,7444,4464,825,NA,NA,0
2021-01-24,797,917,885,1274,1689,7547,4782,752,NA,NA,0
2021-01-25,812,986,936,1323,1690,7834,4747,785,NA,NA,0
2021-01-26,814,1000,907,1295,1705,7268,4488,736,NA,NA,0
2021-01-27,886,1004,965,1452,1705,7917,4595,799,NA,NA,0
2021-01-28,878,974,984,1366,1664,8273,4828,929,NA,NA,0
2021-01-29,811,942,898,1238,1487,8230,4406,795,NA,NA,0
2021-01-30,696,886,853,1226,1552,7766,4214,648,NA,NA,0
2021-01-31,795,914,855,1251,1604,7640,4127,722,NA,NA,0
2021-02-01,741,913,895,1136,1548,7795,4261,689,NA,NA,0
2021-02-02,668,893,799,1155,1413,7806,4018,742,NA,NA,0
2021-02-03,665,890,909,1201,1503,7433,4013,720,NA,NA,0
2021-02-04,744,965,924,1139,1496,7865,4154,753,NA,NA,0
2021-02-05,664,936,812,1002,1283,8538,4087,727,NA,NA,0
2021-02-06,616,797,753,1036,1470,8862,4180,819,NA,NA,0
2021-02-07,686,881,832,1123,1487,8271,4254,820,NA,NA,0
2021-02-08,914,1382,1000,1265,1739,14098,5684,2411,NA,NA,0
2021-02-09,797,1063,907,1219,1593,8761,4742,1359,NA,NA,0
2021-02-10,739,989,822,1052,1580,10328,4575,1327,NA,NA,0
2021-02-11,749,953,863,1039,1470,10526,4603,1379,NA,NA,0
2021-02-12,660,784,756,988,1392,9570,4269,1120,NA,NA,0
2021-02-13,601,801,738,1046,1314,7311,3666,874,NA,NA,0
2021-02-14,627,966,758,1070,1371,7705,3862,925,NA,NA,0
2021-02-15,825,1177,1018,1321,1728,10688,5422,2802,NA,NA,0
2021-02-16,825,1051,924,1276,1688,9745,4995,1629,58,NA,0
2021-02-17,708,971,875,1183,1436,7933,4355,1276,359,NA,0
2021-02-18,643,849,775,1128,1454,7180,3875,916,NA,NA,0
2021-02-19,681,852,899,1279,1701,8832,4859,1132,NA,NA,0
2021-02-20,878,835,855,1292,1711,7352,4480,862,NA,NA,0
2021-02-21,25196,2028,1516,2010,2540,8741,5333,1015,NA,NA,0
2021-02-22,5224,1069,928,1629,2107,9161,5088,1139,NA,NA,0
2021-02-23,2674,1051,1028,1615,2069,9245,5057,1116,NA,NA,0
2021-02-24,2606,1290,1255,1646,2191,9997,5329,1118,NA,NA,0
2021-02-25,1015,1108,1085,1419,2137,9066,4900,1078,NA,NA,0
2021-02-26,966,1120,1197,1487,1892,8784,4855,942,NA,NA,0
2021-02-27,799,888,1043,1357,1825,8797,4735,903,NA,NA,0
2021-02-28,949,1069,1051,1587,1998,9113,4852,923,NA,NA,0
2021-03-01,868,1014,957,1547,2057,9610,4915,1106,NA,NA,0
2021-03-02,946,1223,1013,1604,2026,13949,5938,1357,NA,NA,0
2021-03-03,1012,1206,1248,1719,2193,16225,6817,1368,NA,NA,0
2021-03-04,938,1241,1196,1745,2199,19032,6958,1526,NA,NA,0
2021-03-05,892,1126,1206,1898,2340,16974,7003,1408,NA,NA,0
2021-03-06,876,1131,1123,1664,2109,12092,5888,1153,NA,NA,0
2021-03-07,1073,1226,1192,1841,2529,11801,6080,1082,NA,NA,0
2021-03-08,911,1050,1105,1683,2327,11461,5772,1015,NA,NA,0
2021-03-09,868,1144,1031,1648,2286,10007,5481,981,NA,NA,0
2021-03-10,882,1164,1058,1757,2352,11018,6036,1060,NA,NA,0
2021-03-11,836,1135,1090,1758,2371,11903,6229,1028,NA,NA,0
2021-03-12,782,1070,970,1646,2326,16242,7692,1247,NA,NA,0
2021-03-13,900,1134,1172,1851,2559,16956,7461,1343,NA,NA,0
2021-03-14,1024,1267,1213,2009,2940,18914,8594,1455,NA,NA,0
2021-03-15,1022,1376,1297,2210,2875,14491,7011,1177,NA,NA,0
2021-03-16,994,1361,1324,2212,2955,11565,6327,1045,NA,NA,0
2021-03-17,945,1235,1138,2113,2850,10367,6107,937,NA,NA,0
2021-03-18,1139,1296,1325,2146,2846,12406,6258,1140,NA,NA,0
2021-03-19,1195,1717,1542,3011,4924,19580,36953,1284,NA,NA,0
2021-03-20,1657,2773,2136,4332,6668,34427,61349,1920,NA,NA,0
2021-03-21,2050,3232,2653,5271,7581,41902,63147,2287,NA,NA,0
2021-03-22,2262,3481,2964,5395,7654,37328,49147,2322,NA,NA,0
2021-03-23,2110,3327,2892,5262,7342,33633,41490,2043,NA,NA,0
2021-03-24,2189,3301,2640,4994,7196,33818,37448,1928,NA,NA,0
2021-03-25,2335,3449,2887,5170,7384,33421,34318,1938,NA,NA,0
2021-03-26,2259,3270,2860,4971,7160,40559,31987,2530,NA,NA,0
2021-03-27,2503,3725,3332,5740,7698,55852,34856,3168,NA,NA,0
2021-03-28,3790,5609,4467,7226,9709,103796,41381,4162,NA,NA,0
2021-03-29,2820,4400,3463,6016,7751,54661,27264,2740,NA,NA,0
2021-03-30,2332,3478,2923,4990,6377,31220,21923,1952,NA,NA,0
2021-03-31,2362,3518,2761,4646,5821,24758,19379,1563,NA,NA,0
2021-04-01,1998,3007,2419,4104,5682,22962,18413,1668,NA,NA,0
2021-04-02,2105,3128,2443,4153,5656,22892,18577,1594,NA,NA,0
2021-04-03,1847,2763,2142,3950,5171,22123,17023,1348,NA,NA,0
2021-04-04,2033,2967,2319,3991,5891,24034,17488,1423,NA,NA,0
2021-04-05,2232,3240,2575,4349,6060,22311,18554,1489,NA,NA,0
2021-04-06,2010,3194,2545,3877,5247,19065,14847,1436,NA,NA,0
2021-04-07,2186,3263,2396,3775,5071,17569,14033,1257,NA,NA,0
2021-04-08,1937,3075,2225,3556,4657,17227,13080,1221,NA,NA,0
2021-04-09,1798,2714,2216,3238,4400,16090,12427,1205,NA,NA,0
2021-04-10,1598,2298,1931,3162,4168,18222,12464,1258,NA,NA,0
2021-04-11,1810,2630,1965,3272,4512,19558,13364,1268,NA,NA,0
2021-04-12,1840,2715,2092,3338,4321,16917,12023,1149,NA,NA,0
2021-04-13,1739,2348,1993,3073,4162,15324,12066,1123,NA,NA,0
2021-04-14,1742,2354,1832,2969,4130,14290,10761,1126,NA,NA,0
2021-04-15,1561,2142,2053,3030,3982,16147,10824,1461,NA,NA,0
2021-04-16,1431,2084,1881,2779,3556,19593,10931,1406,NA,NA,0
2021-04-17,1529,2163,2052,3342,4472,27128,12826,1755,NA,NA,0
2021-04-18,2310,3277,2898,4601,6269,101734,20596,12604,NA,NA,0
2021-04-19,2018,2885,2644,4134,5102,45713,13401,5245,NA,NA,0
2021-04-20,1781,2615,2245,3469,4429,23447,10513,3165,NA,NA,0
2021-04-21,1652,2296,2291,3503,4128,18663,9788,2622,NA,NA,0
2021-04-22,1667,2325,2170,3420,4280,16897,9306,2467,NA,NA,0
2021-04-23,1549,2131,1920,3073,3824,15748,8239,2537,NA,NA,0
2021-04-24,1428,2138,1744,3022,3733,16785,8495,2520,NA,NA,0
2021-04-25,1614,2228,1976,3158,4107,17584,9390,2242,NA,NA,0
2021-04-26,1616,2463,1925,3118,3841,17818,8852,2095,NA,NA,0
2021-04-27,1482,2054,1745,2767,3544,14935,7983,1788,NA,NA,0
2021-04-28,1608,2354,1932,2905,3875,18139,8489,2006,NA,NA,0
2021-04-29,1531,2044,1706,2836,3436,16303,7892,1824,NA,NA,0
2021-04-30,1254,1734,1583,2455,2996,16674,7542,1677,NA,NA,0
2021-05-01,1456,2198,1807,2857,3649,23024,9287,1871,NA,NA,0
2021-05-02,2199,3602,2766,4097,5264,66766,14815,3390,NA,NA,0
2021-05-03,2059,3345,2650,3894,4761,35768,11505,2427,NA,NA,0
2021-05-04,1845,2627,2254,3478,4134,19700,8891,1859,NA,NA,0
2021-05-05,1849,2734,2107,3126,4078,16349,8310,1740,NA,NA,0
2021-05-06,1626,2450,2014,2918,3658,14424,7470,1564,NA,NA,0
2021-05-07,1495,2277,1989,3064,3631,16600,7551,1525,NA,NA,0
2021-05-08,1950,3109,2413,3597,4347,23616,9280,1890,NA,NA,0
2021-05-09,3051,4836,3887,5519,7348,64414,16171,3473,NA,NA,0
2021-05-10,2636,3889,3491,4986,6321,32962,11638,2464,NA,NA,0
2021-05-11,2067,3067,2628,3870,4741,17900,8773,1966,NA,NA,0
2021-05-12,1928,2740,2406,3401,4121,14433,7425,1777,NA,NA,0
2021-05-13,1773,2489,2134,3170,3731,12595,6654,1699,NA,NA,0
2021-05-14,1582,2267,1995,2940,3538,17818,7262,1843,NA,NA,0
2021-05-15,1530,2449,1832,2781,3359,14560,6133,1551,NA,NA,0
2021-05-16,1635,2227,1894,2791,3463,14654,6745,1617,NA,NA,0
2021-05-17,1816,2597,2258,3069,3748,13837,6770,1437,NA,NA,0
2021-05-18,1600,2258,2171,2924,3643,12144,5988,1350,NA,NA,0
2021-05-19,1540,2200,2127,2935,3485,12724,5973,2841,NA,NA,0
2021-05-20,1371,1963,1966,2774,3680,14228,5835,1710,NA,NA,0
2021-05-21,1270,2145,1857,2590,3299,13476,5599,1677,NA,NA,0
2021-05-22,1656,2634,2249,3175,5036,25181,7459,2090,NA,NA,0
2021-05-23,2667,3811,3669,5399,7851,106720,15251,4125,NA,NA,0
2021-05-24,2212,3160,3165,4396,5620,45327,10887,2926,NA,NA,0
2021-05-25,2051,2767,2648,3615,4633,23867,7988,2199,NA,NA,0
2021-05-26,1692,2326,2079,2942,3810,16611,6721,1663,NA,NA,0
2021-05-27,1556,2225,1955,2989,3418,14805,6403,1546,NA,NA,0
2021-05-28,1543,1918,1852,2686,3424,13066,5592,1521,NA,NA,0
2021-05-29,1354,1906,1754,2587,3108,12887,5190,1376,NA,NA,0
2021-05-30,1290,1837,1714,2460,2983,14110,5576,1513,NA,NA,0
2021-05-31,1371,2097,2175,2911,3401,13316,5884,1509,NA,NA,0
2021-06-01,1390,1956,2265,2928,3308,12151,5510,1410,NA,NA,0
2021-06-02,1341,1897,2162,2624,3230,11320,5196,1480,NA,NA,0
2021-06-03,1228,1757,2066,2608,2996,11875,5000,1424,NA,NA,0
2021-06-04,1299,1699,1859,2520,3280,18446,5352,1787,NA,NA,0
2021-06-05,1264,2061,1866,2527,3810,26482,6281,2239,NA,NA,0
2021-06-06,2524,4095,4218,5928,7500,123716,15626,4414,NA,NA,0
2021-06-07,2277,3251,3187,4650,5588,49889,11143,3095,NA,NA,0
2021-06-08,2106,2891,2782,3974,4498,25165,8136,2101,NA,NA,0
2021-06-09,1744,2477,2323,3112,3875,18545,6698,2004,NA,NA,0
2021-06-10,1843,2428,2276,3165,3614,16134,6007,1837,NA,NA,0
2021-06-11,1448,1922,1778,2537,2897,14772,5164,1554,NA,NA,0
2021-06-12,1220,1762,1588,2456,3367,14239,4937,1623,NA,NA,0
2021-06-13,1284,1701,1563,2284,2870,14271,4902,1719,NA,NA,0
2021-06-14,1249,1702,1555,2660,3011,13092,4958,1689,NA,NA,0
2021-06-15,1258,1656,1525,2482,2793,11869,4784,1870,NA,NA,0
2021-06-16,1359,1713,1598,2303,2706,12752,4770,3151,NA,NA,0
2021-06-17,1071,1544,1414,2215,2604,11905,4544,2316,NA,NA,0
2021-06-18,963,1345,1265,1860,2372,12522,4130,1919,NA,NA,0
2021-06-19,1069,1411,1395,2258,2939,20398,5021,2015,NA,NA,0
2021-06-20,2136,3229,3214,4621,5369,91434,12506,4076,NA,NA,0
2021-06-21,2008,2848,2778,3917,4460,42876,9957,3107,NA,NA,0
2021-06-22,1721,2473,2245,3233,3800,21399,7094,3066,NA,NA,0
2021-06-23,1486,2177,1980,2777,3116,18022,5938,2545,NA,NA,0
2021-06-24,1558,1992,2066,2528,3013,17328,6044,2286,NA,NA,0
2021-06-25,1361,1804,1688,2377,2854,20089,6239,2629,NA,NA,0
2021-06-26,1673,2224,2130,3104,3552,27221,7422,3822,NA,NA,0
2021-06-27,2656,3953,4099,5136,5658,74267,13684,5649,NA,NA,0
2021-06-28,2040,2869,2796,3961,4144,35624,8237,4022,NA,NA,0
2021-06-29,1484,2275,2019,2862,3099,18152,5858,2815,NA,NA,0
2021-06-30,1600,2202,2092,2666,3054,15116,5301,2523,NA,NA,0
2021-07-01,1573,2010,1909,2688,2903,14414,5261,2346,NA,NA,0
2021-07-02,1332,1834,1782,2474,2617,15706,4866,2338,NA,NA,0
2021-07-03,1897,2416,2513,3410,3771,31151,6982,6402,NA,NA,0
2021-07-04,2743,3747,3859,5200,5783,103585,13915,6752,NA,NA,0
2021-07-05,2299,3206,2993,4340,4681,42696,9690,4392,NA,NA,0
2021-07-06,1907,2486,2353,3269,3693,28402,7184,3916,NA,NA,0
2021-07-07,1537,2149,2007,2902,3179,17698,5571,2797,NA,NA,0
2021-07-08,1604,1996,1827,2726,3071,15672,5401,2955,NA,NA,0
2021-07-09,1647,2189,1934,2757,2957,14631,5100,2847,NA,NA,0
2021-07-10,1485,1783,1615,2377,2725,14644,4480,2476,NA,NA,0
2021-07-11,1252,1668,1469,2034,2442,14289,4195,2526,NA,NA,0
2021-07-12,1357,1684,1541,2255,2410,13801,4304,2739,NA,NA,0
2021-07-13,1145,1563,1560,2396,2449,13669,4475,2782,NA,NA,0
2021-07-14,1202,1600,1642,2303,2683,13588,4762,3312,NA,NA,0
2021-07-15,1201,1591,1562,2495,2595,13474,4684,6014,NA,NA,0
2021-07-16,1151,1733,1619,2376,2660,21578,5773,4456,NA,NA,0
2021-07-17,1550,1955,1735,2471,2851,37621,6132,4247,NA,NA,0
2021-07-18,2369,3586,2907,4050,4893,87874,11558,5710,NA,NA,0
2021-07-19,2314,3676,2972,4162,4652,44603,9489,4255,NA,NA,0
2021-07-20,2057,2977,2555,3616,3977,22907,7128,3453,NA,NA,0
2021-07-21,1809,2491,2309,3069,3355,17093,6228,2739,NA,NA,0
2021-07-22,1799,2552,2309,3408,3447,16031,5844,2766,NA,NA,0
2021-07-23,1630,2334,2081,3087,3228,14531,5750,2594,NA,NA,0
2021-07-24,1535,2206,1735,2457,2669,13075,4723,2122,NA,NA,0
2021-07-25,1394,2052,1634,2378,2709,13348,4980,2065,NA,NA,0
2021-07-26,1474,2149,1752,2494,2764,12430,4918,2346,NA,NA,0
2021-07-27,1475,2164,1727,2353,2607,11843,4654,2187,NA,NA,0
2021-07-28,1329,1866,1620,2191,2507,10776,4387,1965,NA,NA,0
2021-07-29,1339,1776,1636,2315,2557,11222,4168,1695,NA,NA,0
2021-07-30,1255,1653,1556,2022,2194,12304,4140,1707,NA,NA,0
2021-07-31,1356,1855,1550,2034,2426,18793,4849,2025,NA,NA,0
2021-08-01,2233,3763,3129,4465,4993,117654,11987,3947,NA,NA,0
2021-08-02,2283,3545,3143,4271,4317,57025,8640,3347,NA,NA,0
2021-08-03,1678,2644,2309,3272,3294,23556,6308,2558,NA,NA,0
2021-08-04,1734,2657,2090,2900,3204,17196,5489,2318,NA,NA,0
2021-08-05,1587,2554,1943,2733,2915,14306,4996,2158,NA,NA,0
2021-08-06,1513,2171,1793,2445,2825,12417,4605,2054,NA,NA,0
2021-08-07,1404,2014,1620,2314,2631,11550,4335,2137,NA,NA,0
2021-08-08,1569,2142,1774,2644,2929,12432,4660,2210,NA,NA,0
2021-08-09,1501,2215,1861,2611,2863,12695,4500,2064,NA,NA,0
2021-08-10,1521,2139,1819,2549,2975,11495,4528,2167,NA,NA,0
2021-08-11,1349,1987,1647,2306,2673,10950,4291,2279,NA,NA,0
2021-08-12,1582,2035,1825,2506,2615,10728,4165,2002,NA,NA,0
2021-08-13,1240,1640,1464,2102,2227,9762,3549,1779,NA,NA,0
2021-08-14,1162,1575,1298,2019,2077,9869,3505,1803,NA,NA,0
2021-08-15,1199,1639,1414,1990,2247,11325,4144,2144,NA,NA,0
2021-08-16,1199,1879,1447,1891,2131,10295,3680,2099,NA,NA,0
2021-08-17,1195,1630,1348,1846,2101,9568,3552,1913,NA,NA,0
2021-08-18,1150,1641,1375,1845,2265,16065,3964,2768,NA,NA,0
2021-08-19,1230,1606,1365,1799,2029,11339,3455,2402,NA,NA,0
2021-08-20,1123,1567,1267,1800,2034,10205,3325,2053,NA,NA,0
2021-08-21,1188,1408,1356,1939,1948,9448,3228,1879,NA,NA,0
2021-08-22,1051,1382,1202,1936,2096,10636,3531,2081,NA,NA,0
2021-08-23,1243,1570,1353,1906,2142,12276,3647,2201,NA,NA,0
2021-08-24,1029,1520,1294,2007,2166,10846,3385,2076,NA,NA,0
2021-08-25,1093,1466,1301,1878,2052,10406,3611,2101,NA,NA,0
2021-08-26,1025,1350,1138,1791,2067,11556,3593,3426,NA,NA,0
2021-08-27,878,1191,1049,1676,1899,13473,3620,4656,NA,NA,0
2021-08-28,1119,1461,1512,2042,2286,23859,4845,4460,NA,NA,0
2021-08-29,1759,2278,2503,3015,3517,112636,8983,6403,NA,NA,0
2021-08-30,1232,1744,1892,2578,2976,44146,5995,3975,NA,NA,0
2021-08-31,1169,1767,1789,2437,2796,19120,4751,3704,NA,NA,0
2021-09-01,1461,1933,1740,2992,2978,18100,4837,6028,NA,NA,0
2021-09-02,1627,2099,2042,3254,3069,16819,4886,6048,NA,NA,0
2021-09-03,1304,1796,1728,2665,2649,16274,4461,5225,NA,NA,0
2021-09-04,1390,1912,1799,2634,3413,29474,5841,5560,NA,NA,0
2021-09-05,2194,3117,2769,3838,4895,89853,10730,7796,NA,NA,0
2021-09-06,2801,4344,4196,5526,6289,48796,10247,19709,NA,NA,0
2021-09-07,2852,4401,3577,4852,5775,35264,9105,26428,NA,NA,0
2021-09-08,2137,3154,2646,3865,5083,27488,8261,23095,NA,NA,0
2021-09-09,1994,2697,2530,3396,4164,20337,6420,10878,NA,NA,0
2021-09-10,1717,2448,2219,2961,3529,22223,6275,7497,NA,NA,0
2021-09-11,1629,2351,1977,3181,3512,33937,5942,6265,NA,NA,0
2021-09-12,2964,3960,3558,5281,5755,102588,12254,8891,NA,NA,0
2021-09-13,2626,3584,3199,4503,4814,49076,9505,6524,NA,NA,0
2021-09-14,2054,2736,2446,3626,3758,23234,6284,4910,NA,NA,0
2021-09-15,2076,2887,2546,3545,3634,19027,6009,4738,NA,NA,0
2021-09-16,2552,3462,2805,4005,4101,20964,6674,9285,NA,NA,0
2021-09-17,2414,3261,2840,3756,3858,17650,5997,5352,NA,NA,0
2021-09-18,2440,3169,2793,3572,3876,17676,6296,5005,NA,NA,0
2021-09-19,2328,2992,2648,3551,3828,18207,5950,4616,NA,NA,0
2021-09-20,2230,3292,2527,3452,3547,16106,5888,4316,NA,NA,0
2021-09-21,2268,3040,2623,3392,3466,14866,5585,3996,NA,NA,0
2021-09-22,1992,2614,2307,3005,3615,14241,5390,3559,NA,NA,0
2021-09-23,1750,2397,2145,2918,3210,16234,5244,7208,NA,NA,0
2021-09-24,1679,2375,1925,2639,2879,17718,5197,5569,NA,NA,0
2021-09-25,1697,2364,1959,2729,3197,25835,5790,5018,NA,NA,0
2021-09-26,2655,3840,3158,4185,4926,91652,11312,7815,NA,NA,0
2021-09-27,2459,3711,2883,3954,4498,42293,8468,5589,NA,NA,0
2021-09-28,2186,3140,2483,3409,3984,21826,6239,4205,NA,NA,0
2021-09-29,1861,2484,2042,2875,3336,17572,5446,3903,NA,NA,0
2021-09-30,2387,2665,2278,2989,3346,26153,5804,8030,1179,NA,0
2021-10-01,2003,2380,2058,2763,3029,16888,5122,4555,35,NA,0
2021-10-02,1977,2706,2062,2744,3110,15129,5017,4068,NA,NA,0
2021-10-03,1930,2419,1903,2686,2942,14987,4920,3893,NA,NA,0
2021-10-04,1674,2226,1882,2591,2955,14557,4873,4612,NA,NA,0
2021-10-05,1473,1935,1582,2304,2553,12526,4572,3813,NA,NA,0
2021-10-06,1349,1853,1521,2056,2410,11951,4152,3547,NA,NA,0
2021-10-07,1334,1735,1449,2005,2391,12884,4349,3970,NA,NA,0
2021-10-08,1177,1628,1340,1983,2315,14760,4441,4154,NA,NA,0
2021-10-09,1345,1815,1502,1996,2498,21724,4723,4714,NA,NA,0
2021-10-10,1996,2803,2432,3509,4877,84306,9704,7990,NA,NA,0
2021-10-11,1598,2258,2019,2868,3695,33248,6062,5468,NA,NA,0
2021-10-12,1621,2224,1872,2673,3000,18212,4772,4096,NA,NA,0
2021-10-13,1437,1871,1688,2253,2609,15025,4145,3861,NA,NA,0
2021-10-14,1282,1797,1667,2279,2510,13439,3914,3590,NA,NA,0
2021-10-15,1206,1695,1506,2069,2475,14462,3922,8515,NA,NA,0
2021-10-16,1237,1711,1545,2222,2330,13051,3507,6739,NA,NA,0
2021-10-17,1307,1623,1437,2182,2453,12540,3554,4920,NA,NA,0
2021-10-18,1472,1883,1671,2377,2601,11648,3555,4212,NA,NA,0
2021-10-19,1352,1707,1874,2454,2359,10521,3283,3728,NA,NA,0
2021-10-20,2103,2148,1667,2194,2328,10476,3387,3480,NA,NA,0
2021-10-21,1725,2015,1633,2280,2296,10831,3243,3626,NA,NA,0
2021-10-22,1294,1598,1433,2028,2237,12467,3409,3816,1,NA,0
2021-10-23,1324,1689,1465,2080,2468,18033,3853,4127,NA,NA,0
2021-10-24,1955,2616,2360,3183,4124,67899,7480,7292,NA,NA,0
2021-10-25,2006,3010,2453,3313,4302,56609,7468,6592,NA,NA,0
2021-10-26,1744,2495,1884,2675,3263,22105,5213,4329,NA,NA,0
2021-10-27,1557,2214,1758,2449,2707,15731,4389,3718,NA,NA,0
2021-10-28,1463,2102,1741,2638,2765,14287,4191,3379,NA,NA,0
2021-10-29,1338,1833,1527,2312,2407,12932,3577,3079,NA,NA,0
2021-10-30,1202,1578,1402,2047,2107,12034,3332,3055,NA,NA,0
2021-10-31,1294,1777,1444,2206,2237,12641,3411,3125,NA,NA,0
2021-11-01,1441,1975,1710,2226,2460,12079,3378,3294,NA,NA,0
2021-11-02,1465,2042,1719,2229,2460,11466,3387,3074,NA,NA,0
2021-11-03,1243,1859,1658,2006,2442,11212,3376,3083,NA,NA,0
2021-11-04,1100,1807,1496,1861,2217,11005,3154,2833,NA,NA,0
2021-11-05,1173,1666,1251,1793,2323,12972,3069,3019,NA,NA,0
2021-11-06,1242,1714,1447,1883,2431,19249,3483,4516,NA,NA,0
2021-11-07,1838,2583,2125,2816,3793,72169,6896,6859,NA,NA,0
2021-11-08,2023,3178,2424,3235,4252,58041,7335,6619,NA,NA,0
2021-11-09,1693,2574,1927,2473,3034,23442,4742,4134,NA,NA,0
2021-11-10,1568,2189,1834,2573,3094,17404,4294,3757,NA,NA,0
2021-11-11,1633,2210,1912,2564,3002,16387,4079,3629,NA,NA,0
2021-11-12,1665,2337,1947,2572,3085,22254,4441,4475,NA,NA,0
2021-11-13,1639,2356,2028,2540,3016,34422,4691,5082,NA,NA,0
2021-11-14,2658,4081,3059,3876,4764,89423,9301,8938,NA,NA,0
2021-11-15,2349,3668,2656,3379,3986,51872,7785,7361,NA,NA,0
2021-11-16,2066,3244,2564,3438,4232,32188,6618,19287,NA,NA,0
2021-11-17,1633,2445,2164,2758,3113,18924,4877,7582,NA,NA,0
2021-11-18,1565,2247,1810,2709,2867,17152,4667,5454,NA,NA,0
2021-11-19,1483,2144,1743,2446,2635,17225,4494,5124,NA,NA,0
2021-11-20,1511,2229,1847,2408,2896,24044,5189,5339,NA,NA,0
2021-11-21,2954,4558,3233,4210,4963,93739,11248,9774,NA,NA,0
2021-11-22,2815,4096,2961,3795,4119,43630,8065,6826,NA,NA,0
2021-11-23,2326,3264,2359,3036,3247,21747,5610,4753,NA,NA,0
2021-11-24,1984,2731,2187,2795,2816,15892,4586,4069,NA,NA,0
2021-11-25,1717,2364,1927,2585,2581,13425,4133,3806,NA,NA,0
2021-11-26,1581,2115,1809,2317,2461,12901,3779,4112,NA,NA,0
2021-11-27,1774,3505,1993,2406,2491,12956,3805,3702,NA,NA,0
2021-11-28,2018,3670,2179,2474,2661,14526,4193,4113,NA,NA,0
2021-11-29,1538,2357,1706,2113,2307,13325,3988,3635,NA,NA,0
2021-11-30,1447,2027,1646,2179,2326,12162,3852,3430,NA,NA,0
2021-12-01,1333,2445,1589,2246,2193,12614,3594,3268,2,NA,0
2021-12-02,1339,2498,1873,2061,1982,12430,3265,3225,NA,NA,0
2021-12-03,1289,2021,1535,1901,2072,15635,3503,3683,NA,NA,0
2021-12-04,1467,2057,1744,2244,2316,24008,4206,4711,1,NA,0
2021-12-05,2834,4957,3450,4278,4966,99644,11991,10937,NA,NA,0
2021-12-06,3448,5612,4209,5051,5710,73348,12150,10189,NA,NA,0
2021-12-07,2796,4403,3372,4089,4185,28935,7481,6565,NA,NA,0
2021-12-08,3280,4602,3273,4099,4456,23165,7020,6730,NA,NA,0
2021-12-09,3083,4648,3252,4453,4290,25004,7578,7086,NA,NA,0
2021-12-10,2808,4297,3171,4165,4219,27465,7848,7728,NA,NA,0
2021-12-11,3597,6241,3876,5041,5192,40676,9610,10742,NA,NA,0
2021-12-12,12222,21680,13083,15818,17320,247669,33013,59700,NA,NA,0
2021-12-13,10083,16095,10895,13751,14415,144486,22515,51231,1,NA,0
2021-12-14,6572,9811,7094,9575,9780,66746,14301,30802,NA,NA,0
2021-12-15,5005,7333,5419,7592,7468,45340,11022,22018,NA,NA,0
2021-12-16,4554,6269,5081,6896,7174,40001,9974,18106,NA,NA,0
2021-12-17,3847,5508,4264,5765,6111,33335,8525,14011,NA,NA,0
2021-12-18,3198,4429,3445,5015,5254,28012,7601,12702,NA,NA,0
2021-12-19,3125,4423,3379,4872,5320,27847,7524,13411,NA,NA,0
2021-12-20,2898,4061,3550,5270,5630,24121,7707,13046,NA,NA,0
2021-12-21,2641,3789,3103,4713,5101,22271,7647,12706,NA,NA,0
2021-12-22,2675,3808,2955,4222,4651,20167,6385,14473,NA,NA,0
2021-12-23,2554,3614,2867,4185,4401,18148,6162,11590,NA,NA,0
2021-12-24,2353,3085,2494,3618,3971,15992,5153,10433,NA,NA,0
2021-12-25,2253,2917,2346,3198,3453,14252,4935,10403,NA,NA,0
2021-12-26,2078,2961,2346,3304,3752,15347,5379,11108,NA,NA,0
2021-12-27,2381,3154,2611,3801,4095,16793,5719,10051,NA,NA,0
2021-12-28,2144,2929,2487,3575,4081,16914,5683,9416,NA,NA,0
2021-12-29,2128,3103,2406,3463,3887,16023,5458,8722,NA,NA,0
2021-12-30,2175,3227,2601,3683,4193,15094,5545,8572,9,NA,0
2021-12-31,1708,2598,2056,2923,3367,13813,4580,7752,17,NA,0
2022-01-01,1703,2524,2190,2926,3430,13247,4674,10307,23,NA,0
2022-01-02,1906,2838,2521,3379,3922,14122,5473,10705,13,NA,0
2022-01-03,1949,2736,2262,3352,3734,13419,5436,10871,19,NA,0
2022-01-04,1902,2621,2264,3161,3517,12609,4916,9824,16,NA,0
2022-01-05,1826,2407,2303,3151,3526,12152,4727,9720,11,NA,0
2022-01-06,1656,2165,2037,2895,3286,11195,4713,9020,14,NA,0
2022-01-07,1721,2224,1895,2822,3009,10839,4315,8560,13,NA,0
2022-01-08,1635,2194,1979,2660,2984,10240,4153,8186,12,NA,0
2022-01-09,1581,2117,1866,2661,3049,10549,4390,8834,27,NA,0
2022-01-10,1463,1815,1717,2524,2864,9685,3848,8596,19,NA,0
2022-01-11,1634,1959,1754,2460,2734,9934,3817,8881,32,NA,0
2022-01-12,1399,1752,1612,2239,2582,9530,3570,8734,21,NA,0
2022-01-13,1385,1643,1542,2239,2452,8639,3256,7588,28,NA,0
2022-01-14,1288,1469,1314,1942,2243,8646,3232,8501,31,NA,0
2022-01-15,1251,1480,1327,1916,2228,7986,2944,7468,21,NA,0
2022-01-16,1193,1504,1383,1950,2367,8211,3253,7696,9,NA,0
2022-01-17,1210,1489,1336,1971,2221,8164,3057,8411,19,NA,0
2022-01-18,1174,1380,1251,1899,2190,7930,2981,7926,30,NA,0
2022-01-19,1186,1497,1374,1913,2049,7559,2861,6790,19,NA,0
2022-01-20,1211,1433,1388,1855,2103,7443,2723,6789,18,NA,0
2022-01-21,1225,1537,1291,1759,1899,6867,2511,7081,12,NA,0
2022-01-22,1138,1328,1289,1792,1951,6433,2590,6619,17,NA,0
2022-01-23,1080,1271,1183,1698,2023,6515,2819,6876,10,NA,0
2022-01-24,1049,1270,1225,1583,1815,6223,2646,6692,25,NA,0
2022-01-25,1287,1443,1356,1815,1905,6487,2601,6845,20,NA,0
2022-01-26,1033,1271,1129,1635,1740,6194,2469,6765,18,NA,0
2022-01-27,1144,1361,1355,1943,1965,6354,2506,7378,30,NA,0
2022-01-28,999,1186,1160,1754,1806,6029,2327,7446,11,NA,0
2022-01-29,1013,1314,1165,1632,1698,6117,2332,7242,21,NA,0
2022-01-30,1068,1165,1148,1668,1835,5902,2620,7270,14,NA,0
2022-01-31,1099,1252,1210,1686,1708,5686,2358,7026,18,NA,0
2022-02-01,1133,1304,1481,1814,1888,5894,2530,7378,26,NA,0
2022-02-02,1255,1335,1283,1705,1768,5699,2380,6853,15,NA,0
2022-02-03,1029,1143,1226,1691,2771,5739,2384,7529,10,NA,0
2022-02-04,1064,1216,1230,1673,2031,5887,2276,8338,23,NA,0
2022-02-05,919,1110,1086,1492,1584,5575,2160,8287,19,NA,0
2022-02-06,972,1202,1177,1490,1710,5621,2294,7481,17,NA,0
2022-02-07,1026,1247,1108,1477,1584,5468,2207,7028,22,NA,0
2022-02-08,975,1204,1044,1349,1582,5425,2087,7167,22,NA,0
2022-02-09,951,1130,1070,1476,1545,6650,2155,11070,33,NA,0
2022-02-10,863,1008,997,1368,1462,6257,2036,10732,27,NA,0
2022-02-11,844,995,990,1405,1499,5907,2021,10712,30,NA,0
2022-02-12,1144,1459,1250,1468,1783,5277,2149,9005,13,NA,0
2022-02-13,1024,1361,1002,1421,1609,5124,2096,7805,17,NA,0
2022-02-14,801,1016,971,1280,1381,5912,1993,9553,50,NA,0
2022-02-15,883,982,978,1236,1376,5784,1961,9649,15,NA,0
2022-02-16,803,1000,1010,1371,1676,5349,2145,8836,14,NA,0
2022-02-17,979,1128,1102,1683,2330,6810,2498,10940,29,NA,0
2022-02-18,1003,1165,1128,1580,1904,6791,2495,12754,42,NA,0
2022-02-19,993,1209,1095,1510,1721,5633,2298,10122,33,NA,0
2022-02-20,932,1152,1069,1538,1862,5673,2644,9760,25,NA,0
2022-02-21,1023,1193,1176,1701,1959,6480,2582,11469,19,NA,0
2022-02-22,908,1167,1108,1694,1810,6029,2419,10871,39,NA,0
2022-02-23,896,1179,1151,1584,1852,7224,2447,13286,25,NA,0
2022-02-24,675,823,789,1280,1453,5463,2011,14987,24,NA,0
2022-02-25,597,849,823,1352,1481,6392,2230,22311,47,NA,0
2022-02-26,642,864,848,1243,1340,4700,1918,12732,22,NA,0
2022-02-27,661,816,834,1316,1482,5073,2149,11600,10,NA,0
2022-02-28,720,859,880,1429,1468,5106,2220,10937,24,NA,0
2022-03-01,762,892,900,1432,1655,5468,3339,11687,25,NA,0
2022-03-02,704,895,866,1299,1457,5440,3028,12498,22,NA,0
2022-03-03,812,1027,937,1482,1582,6473,2750,15018,88,NA,0
2022-03-04,783,1082,917,1444,1613,5346,2362,12473,68,NA,0
2022-03-05,803,1136,1092,1679,1897,8489,3100,23190,88,NA,0
2022-03-06,793,980,1006,1661,1779,6774,2739,15905,46,NA,0
2022-03-07,852,1064,999,1631,2048,6358,2846,14312,91,NA,0
2022-03-08,784,974,987,1593,1731,5658,2558,11884,52,NA,0
2022-03-09,1250,1564,1564,2627,2523,7612,4095,19433,81,NA,0
2022-03-10,1073,1340,1330,2207,2127,7467,3577,18014,40,NA,0
2022-03-11,1203,1635,1499,2535,2796,42060,5356,21674,58,NA,0
2022-03-12,1512,2243,1959,3446,3552,67172,6586,27798,63,NA,0
2022-03-13,1668,2529,2142,4003,4533,66623,7226,30060,41,NA,0
2022-03-14,1730,2704,2296,3936,4268,50445,6717,28911,48,NA,0
2022-03-15,2162,2687,2304,3750,4355,42223,6393,25562,24,NA,0
2022-03-16,1848,2506,2155,3686,4268,36418,6180,22463,39,NA,0
2022-03-17,1979,2671,2176,3724,4172,32773,6461,28297,38,NA,0
2022-03-18,1698,2507,2070,3563,3852,29951,6041,29971,42,NA,0
2022-03-19,2194,3039,2975,4832,5668,32170,7000,46114,32,NA,0
2022-03-20,3476,4537,4802,7740,11007,42835,12716,105545,59,NA,0
2022-03-21,2877,3914,3889,6381,7666,27988,8672,55132,51,NA,0
2022-03-22,2155,3093,2893,4744,5434,21420,6712,29045,54,NA,0
2022-03-23,2047,3064,2624,4167,4738,19830,6172,23922,72,NA,0
2022-03-24,1876,2602,2130,3546,4124,17244,5331,20536,70,NA,0
2022-03-25,1557,2317,2136,3208,3499,16342,4735,22709,27,NA,0
2022-03-26,1863,2578,2759,3787,3913,19445,5680,36003,28,NA,0
2022-03-27,3536,4037,3673,5247,5635,26779,7809,115043,83,NA,0
2022-03-28,2412,3321,3042,4551,4908,17902,6223,55796,74,NA,0
2022-03-29,2483,2912,2626,3880,4194,13385,5140,24851,57,NA,0
2022-03-30,1971,2633,2282,3415,3728,12114,4710,18889,26,NA,0
2022-03-31,1792,2459,2196,3269,3717,12530,4831,29888,402,NA,0
2022-04-01,1581,2103,1899,3013,3307,10880,4211,18546,112,NA,0
2022-04-02,1604,2111,1937,3100,3274,10271,4024,16683,79,NA,0
2022-04-03,1606,2119,1854,2957,3420,10830,4321,16880,57,NA,0
2022-04-04,1533,2306,1973,2864,3604,9577,4074,15235,63,NA,0
2022-04-05,1508,2120,1822,2809,3372,8824,3814,13884,76,NA,0
2022-04-06,1644,2255,1886,2808,3218,8613,3700,13028,37,NA,0
2022-04-07,1306,1869,1562,2339,2745,7938,3177,13095,33,NA,0
2022-04-08,1353,1812,1667,2456,2919,8127,3272,15921,43,NA,0
2022-04-09,1529,2065,1868,2740,3342,9521,3915,26031,41,NA,0
2022-04-10,2565,3576,3404,5090,5814,19040,7405,114819,71,NA,0
2022-04-11,1879,2658,2515,3717,4010,11208,4865,33422,56,NA,0
2022-04-12,1600,2184,2016,3076,3281,9012,4055,19605,60,NA,0
2022-04-13,1378,1925,1858,2778,2929,7873,3563,15474,68,NA,0
2022-04-14,1298,1737,1648,2532,2708,7101,3329,13475,34,NA,0
2022-04-15,1447,2727,1989,3061,2867,7447,3526,13605,39,NA,0
2022-04-16,1356,2362,1829,2596,2598,6749,3344,12768,27,NA,0
2022-04-17,1398,1986,1782,2669,2740,7033,3618,13161,27,NA,0
2022-04-18,1314,2029,1676,2509,2836,7852,3866,13503,30,NA,0
2022-04-19,1178,1795,1460,2246,2478,6760,3280,12498,42,NA,0
2022-04-20,1233,1867,1442,2101,2345,6615,3033,12398,39,NA,0
2022-04-21,1171,1728,1435,2019,2225,6415,2913,13362,76,NA,0
2022-04-22,1223,1840,1433,2030,2256,7552,3247,22324,33,NA,0
2022-04-23,1289,1908,1428,2103,2358,8658,3240,42204,39,NA,0
2022-04-24,2210,3708,2575,3524,4060,14159,5598,110943,52,NA,0
2022-04-25,2113,3248,2380,3171,3460,9501,4356,43031,73,NA,0
2022-04-26,1660,2653,1938,2657,2933,7256,3615,20782,47,NA,0
2022-04-27,1531,2061,1631,2278,2541,6180,3212,15758,38,NA,0
2022-04-28,1425,2020,1471,2187,2260,5761,2903,13348,34,NA,0
2022-04-29,1309,1810,1363,2114,2274,5647,2741,12268,28,NA,0
2022-04-30,1155,1682,1318,2011,2204,5102,2600,11640,25,NA,0
2022-05-01,1254,1854,1489,2149,2374,5870,2962,12331,35,NA,0
2022-05-02,1302,1768,1494,2077,2258,5588,2834,12717,40,NA,0
2022-05-03,1363,1650,1388,1890,1964,5260,2541,11279,39,NA,0
2022-05-04,1553,1601,1324,1822,1936,4864,2521,10985,39,NA,0
2022-05-05,1114,1318,1061,1555,1748,4521,2382,11558,36,NA,0
2022-05-06,992,1253,1021,1587,1689,4690,2249,13999,49,NA,0
2022-05-07,1120,1507,1267,1819,2027,5543,2549,19329,29,NA,0
2022-05-08,1424,1922,1660,2502,3136,9912,3893,66469,54,NA,0
2022-05-09,1655,2234,1874,2686,3044,9539,3977,60368,60,NA,0
2022-05-10,1373,1794,1490,2142,2321,6100,2880,19764,34,NA,0
2022-05-11,1116,1593,1355,2011,2209,5541,2761,14247,37,NA,0
2022-05-12,1127,1548,1262,1860,1980,4671,2434,12024,45,NA,0
2022-05-13,1200,1448,1160,1698,1886,4475,2376,10967,43,NA,0
2022-05-14,1186,1414,1209,1704,1868,4341,2313,10388,28,NA,0
2022-05-15,1212,1637,1276,2002,2133,5170,2836,12068,21,NA,0
2022-05-16,1158,1500,1276,1822,1989,4985,2659,11256,43,NA,0
2022-05-17,1054,1416,1225,1677,1857,4539,2327,9779,33,NA,0
2022-05-18,1062,1557,1231,1778,1819,4512,2297,11661,55,NA,0
2022-05-19,1229,1510,1213,1596,1734,4412,2343,10780,35,NA,0
2022-05-20,1064,1397,1065,1533,1787,4667,2379,12690,38,NA,0
2022-05-21,1263,1397,1200,1714,1948,5045,2506,19644,34,NA,0
2022-05-22,1650,2002,1732,2439,2797,9765,3878,79518,58,NA,0
2022-05-23,1498,2035,1805,2548,2812,7298,3447,35319,56,NA,0
2022-05-24,1345,1779,1727,2252,2433,6013,3120,18246,75,NA,0
2022-05-25,1282,1915,1579,2105,2585,5418,3024,13668,54,NA,0
2022-05-26,1234,1818,1608,2207,2431,5369,2835,12853,37,NA,0
2022-05-27,1084,1673,1421,1984,2272,5630,2851,13483,59,NA,0
2022-05-28,1297,1936,1621,2210,2686,6348,3304,19606,52,NA,0
2022-05-29,2072,2954,2489,3911,3878,12901,5485,74989,56,NA,0
2022-05-30,1798,2513,2322,3754,3392,8968,4340,38961,60,NA,0
2022-05-31,1729,2367,2096,3220,3195,7848,4365,23179,153,NA,0
2022-06-01,1553,2084,1795,2694,2699,6213,3410,16110,77,NA,0
2022-06-02,1301,1749,1614,2381,2431,5355,3189,13180,90,NA,0
2022-06-03,1238,1685,1415,2150,2140,4711,2800,11369,69,NA,0
2022-06-04,1208,1689,1408,2129,2184,4713,2809,11450,67,NA,0
2022-06-05,1293,1781,1531,2268,2375,5034,2875,11774,49,NA,0
2022-06-06,1221,1933,1545,2225,2117,4923,2677,11240,33,NA,0
2022-06-07,1325,1929,1683,2237,2435,5429,2859,10971,60,NA,0
2022-06-08,1341,1963,1844,2181,2300,4887,2722,10176,53,NA,0
2022-06-09,1141,1688,1617,2102,2441,4700,2539,9940,56,NA,0
2022-06-10,1116,1830,1729,2053,2359,4815,2521,12094,51,NA,0
2022-06-11,1294,1821,1868,2225,2494,5935,2938,21182,69,NA,0
2022-06-12,2021,2896,2834,3587,4028,11988,5034,85876,103,NA,0
2022-06-13,1763,2531,2314,2965,3225,7841,3797,35523,168,NA,0
2022-06-14,1689,2227,1967,2582,2756,5845,3167,18166,100,NA,0
2022-06-15,1486,2066,1909,2418,2646,5463,3404,14499,65,NA,0
2022-06-16,1298,1765,1728,2371,2853,4911,3049,13594,122,NA,0
2022-06-17,1356,1687,1500,2198,2864,4612,2867,14204,96,NA,0
2022-06-18,1508,1899,1645,2281,2740,5522,3054,18659,204,NA,0
2022-06-19,2374,2886,2369,3264,3876,10734,4758,66962,137,NA,0
2022-06-20,2433,2788,2409,3228,3573,9222,4478,49485,186,NA,0
2022-06-21,2308,2549,2207,2922,2967,6444,3667,19894,162,NA,0
2022-06-22,1768,2397,1989,2914,2917,5468,3313,14506,84,NA,0
2022-06-23,1565,2116,1972,2814,2781,5169,3216,12625,122,NA,0
2022-06-24,1470,1842,1628,2259,2325,4544,2837,12194,214,NA,0
2022-06-25,1246,1654,1523,1981,2127,4333,2571,10668,83,NA,0
2022-06-26,1407,1860,1685,2231,2398,4796,3045,12042,126,NA,0
2022-06-27,1424,1994,1566,2269,2267,4875,2908,11682,128,NA,0
2022-06-28,1398,1972,1689,2190,2216,4915,2845,11616,146,NA,0
2022-06-29,1344,1731,1530,1966,2053,4563,2636,10618,89,NA,0
2022-06-30,1118,1649,1402,1791,1924,4338,2349,10970,62,NA,0
2022-07-01,1034,1437,1136,1564,1715,3943,2121,12053,84,NA,0
2022-07-02,1211,1431,1213,1688,1924,5118,2726,19384,95,NA,0
2022-07-03,1836,2176,2002,2849,3038,10394,4457,88534,125,NA,0
2022-07-04,1915,2442,2201,3206,3248,8337,4408,46038,143,NA,0
2022-07-05,1673,2117,1835,2726,2932,6748,3895,22926,90,NA,0
2022-07-06,1720,2076,1795,2760,2852,6100,3675,17807,108,NA,0
2022-07-07,1589,1940,1712,2497,2731,6118,3758,15765,96,NA,0
2022-07-08,1560,1947,1676,2323,2548,6517,3524,21328,63,NA,0
2022-07-09,1557,2005,1653,2443,2570,7383,3703,31948,123,NA,0
2022-07-10,2447,2925,2616,3686,4133,12182,5707,123167,149,NA,0
2022-07-11,2032,2461,2246,3392,3672,8590,4760,41644,115,NA,0
2022-07-12,1824,2307,2026,2969,3220,6648,3899,19842,104,NA,0
2022-07-13,1607,2018,1777,2718,2896,6160,3614,16441,115,NA,0
2022-07-14,1593,2032,1803,2586,2727,5528,3406,13553,75,NA,0
2022-07-15,1636,2057,1888,2540,2541,5578,3312,12685,83,NA,0
2022-07-16,1607,2008,1745,2482,2516,5279,3259,12654,82,NA,0
2022-07-17,1933,2305,1861,2588,2767,5511,3367,13491,96,NA,0
2022-07-18,1753,2033,1670,2468,2557,5136,3238,12734,82,NA,0
2022-07-19,1677,2032,1935,2680,2581,4832,3249,11719,86,NA,0
2022-07-20,1448,1837,1697,2577,2392,4822,2951,11332,67,NA,0
2022-07-21,1381,1771,1560,2326,2388,4655,2865,11490,100,NA,0
2022-07-22,1266,1680,1615,2462,2204,4544,2759,13137,60,NA,0
2022-07-23,1393,1969,1610,2385,2579,5426,3032,19510,66,NA,0
2022-07-24,2017,3008,2446,4237,3887,10514,4876,83154,130,NA,0
2022-07-25,2095,2812,2644,4278,3838,8215,4408,37645,112,NA,0
2022-07-26,2018,2733,2504,3737,3389,6776,4045,20573,84,NA,0
2022-07-27,1834,2328,2122,3165,2979,6184,3701,15741,69,NA,0
2022-07-28,4223,5116,5291,6796,5279,9082,5949,23594,322,NA,0
2022-07-29,3156,3695,3709,4774,3949,7156,4575,18069,144,NA,0
2022-07-30,2157,2577,2477,3401,3145,7039,4124,23782,128,NA,0
2022-07-31,2824,3545,3523,4763,4779,12913,6170,91248,118,NA,0
2022-08-01,3159,3955,3875,5140,5033,10820,6527,50445,805,NA,0
2022-08-02,2734,3230,2946,4245,4104,7956,5387,28084,6420,NA,0
2022-08-03,2296,2736,2525,3892,3852,7079,4983,22141,6944,1182,0
2022-08-04,2165,2659,2412,3547,3513,6095,4417,16588,3739,550,0
2022-08-05,2154,2863,2610,3640,3632,6407,5039,16860,4277,543,0
2022-08-06,1856,2347,2175,3061,2967,5587,4061,13917,3285,415,0
2022-08-07,1770,2259,2057,2885,2952,5269,3750,14049,2730,366,0
2022-08-08,1748,2252,1982,2623,2888,5625,3818,13819,2801,363,0
2022-08-09,1660,2210,1777,2472,2702,5065,3409,12307,2525,317,0
2022-08-10,1584,2113,1865,2531,2667,4599,3471,10939,2088,265,0
2022-08-11,1553,2053,1742,2442,2404,4364,3125,10312,2034,256,0
2022-08-12,1463,1946,1558,2157,2150,4036,2695,9676,1861,234,0
2022-08-13,1309,1781,1438,1895,1939,3739,2474,9167,1848,230,0
2022-08-14,1425,1918,1849,2371,2261,4091,2764,10571,2040,323,0
2022-08-15,1473,1872,1681,2173,2244,4248,2687,10300,2034,254,0
2022-08-16,1300,1777,1579,2111,2043,3894,2614,9811,2177,280,0
2022-08-17,1322,1704,1428,1882,2048,3758,2677,9825,2077,256,0
2022-08-18,1680,1819,1605,2016,1988,3504,2345,8934,1863,220,0
2022-08-19,1259,1699,1363,1779,1752,3424,2279,8713,1873,248,0
2022-08-20,1188,1529,1228,1781,1783,3311,2238,8181,1666,210,0
2022-08-21,1269,1634,1282,1881,1778,3646,2303,9663,1987,223,0
2022-08-22,1191,1533,1461,1881,1916,3677,2421,10189,2184,239,0
2022-08-23,1096,1375,1259,1853,1937,3431,2168,9406,2188,205,0
2022-08-24,1409,1877,1622,2292,2380,4831,2936,13127,5700,520,0
2022-08-25,1369,1652,1453,1971,2236,4314,2768,12182,5007,467,0
2022-08-26,1236,1499,1344,1756,1882,4090,2586,14817,5083,916,0
2022-08-27,1152,1309,1262,1645,1782,4384,2421,21081,4095,546,0
2022-08-28,1909,2413,2240,2838,3264,8815,4559,77840,7401,873,30
2022-08-29,1880,2290,2144,2667,2854,6507,3752,36504,4691,599,74
2022-08-30,1569,1908,1816,2294,2421,5257,3129,20206,4315,446,21
2022-08-31,1321,1604,1465,1931,2020,4475,2616,14874,3381,315,7
2022-09-01,1116,1454,1258,1764,1859,4026,2381,13300,2989,285,4
2022-09-02,1113,1519,1310,1752,1898,4495,2533,17416,9889,716,6
2022-09-03,1212,1483,1395,1743,1888,4759,2489,20829,6862,553,6
2022-09-04,2119,2773,2237,2912,3392,10084,4656,80241,7731,795,8
2022-09-05,1774,2275,1931,2503,2760,6210,3662,34756,5560,507,0
2022-09-06,1735,2065,1674,2293,2686,5176,3203,19447,4441,383,0
2022-09-07,1506,1921,1594,2064,2391,4471,2881,14586,3602,333,0
2022-09-08,1267,1553,1310,1876,2112,3921,2559,13501,3332,269,0
2022-09-09,1072,1404,1151,1588,1803,3739,2258,13959,3302,278,0
2022-09-10,1280,1595,1348,1791,2140,4747,2922,27219,4496,390,1
2022-09-11,2277,2738,2482,3245,4212,10264,5591,94532,8025,782,0
2022-09-12,1802,2265,2099,2661,3266,7081,4322,40628,5928,550,0
2022-09-13,1477,1836,1608,2135,2398,4765,3168,19977,4352,537,1
2022-09-14,1409,1746,1553,2019,2235,4033,3066,14764,3741,416,0
2022-09-15,1337,1910,1505,1938,2048,3748,2639,12645,3406,367,0
2022-09-16,1206,1639,1315,1728,1815,3362,2253,11838,3620,403,0
2022-09-17,1322,1564,1717,1928,1947,3586,2429,11793,3896,448,0
2022-09-18,1439,2154,1686,1890,1965,3545,2425,12243,4106,483,0
2022-09-19,1239,1635,1314,1642,1751,3218,2162,10453,3371,569,0
2022-09-20,1352,1535,1491,1843,1975,3838,2582,14122,9695,71,0
2022-09-21,1161,1427,1334,1670,1850,3501,2290,11226,7499,NA,0
2022-09-22,1168,1416,1253,1660,1909,3354,2254,11434,7291,NA,0
2022-09-23,1102,1370,1219,1593,1900,3847,2383,11815,6941,NA,0
2022-09-24,1035,1149,1148,1451,1599,3037,2031,10390,4180,NA,0
2022-09-25,1107,1438,1274,1593,1727,3282,2137,10871,4012,NA,0
2022-09-26,994,1256,1149,1408,1699,3092,2051,10304,3866,NA,0
2022-09-27,1125,1296,1198,1429,1760,3014,2032,11555,7487,NA,0
2022-09-28,1327,1348,1238,1487,1669,2963,1917,9940,4728,NA,0
2022-09-29,1293,1391,1425,1725,2029,2965,2195,9952,3925,NA,0
2022-09-30,1155,1321,1237,1649,1876,4290,2139,12152,4530,NA,0
2022-10-01,1041,1202,1290,1518,2021,4581,2129,17066,4498,NA,0
2022-10-02,1541,1982,2070,2309,3260,8183,3978,73228,8032,NA,0
2022-10-03,1386,1670,1522,1912,2406,5480,2990,34966,5470,NA,0
2022-10-04,1137,1330,1217,1677,1941,4058,2372,16654,3934,NA,0
2022-10-05,1147,1327,1222,1631,2026,4409,2451,13126,3784,NA,0
2022-10-06,1110,1398,1259,1662,2201,3902,2236,11805,3472,NA,0
2022-10-07,981,1253,1158,1551,1976,3505,2078,12689,4486,NA,0
2022-10-08,1350,1610,1612,2175,2697,5223,3271,26265,24715,NA,0
2022-10-09,2909,3717,3183,3970,4745,13612,6371,135402,15589,NA,0
2022-10-10,1917,2301,2097,2585,2801,9943,3623,34463,7727,17,0
2022-10-11,1331,1716,1451,1867,2070,6287,2895,17781,5396,33,0
2022-10-12,1393,1728,1480,1993,2174,6586,3040,25104,5068,22,0
2022-10-13,1413,1606,1545,1918,2099,5089,2767,20053,4823,10,0
2022-10-14,1317,1640,1450,1744,1781,4061,2420,15539,4524,5,0
2022-10-15,1266,1539,1402,1676,1724,3705,2229,13350,4093,8,0
2022-10-16,1117,1447,1372,1745,1737,3586,2129,13584,4242,6,0
2022-10-17,1198,1391,1312,1674,1621,3413,1985,13713,4110,13,0
2022-10-18,1948,1768,1529,1836,1691,3449,2091,12506,3698,14,0
2022-10-19,1494,1625,1404,1766,1519,3166,1894,12041,3829,21,0
2022-10-20,1139,1407,1332,1439,1497,3207,1879,10841,4292,16,0
2022-10-21,910,1142,1064,1380,1428,3234,1732,11270,4460,13,0
2022-10-22,1352,1373,1098,1387,1537,3551,1980,15956,7648,18,0
2022-10-23,1903,2187,1899,2347,2722,6346,3535,52097,10602,18,0
2022-10-24,1955,2363,2110,2635,2905,6351,3804,52564,8242,11,0
2022-10-25,1452,1696,1530,1923,2088,4044,2710,18116,5144,16,0
2022-10-26,1363,1816,1528,1997,2025,3895,2551,15750,5941,32,0
2022-10-27,1275,1874,1510,2056,2009,3738,2427,13179,4815,23,0
2022-10-28,1311,1818,1458,1888,2040,4576,2616,21712,5483,19,0
2022-10-29,1797,2088,2135,2460,2518,4515,2879,16987,5320,18,0
2022-10-30,2888,3295,3227,3771,4410,7584,5144,54986,7968,18,0
2022-10-31,2639,3474,2816,3384,4500,7139,4969,48967,7862,21,0
2022-11-01,1703,2590,1937,2435,2640,4133,3130,18173,6297,24,0
2022-11-02,1514,2275,1621,1988,2122,3660,2730,13915,5151,21,0
2022-11-03,1217,1786,1603,1762,1796,3118,2195,11302,4626,19,0
2022-11-04,1078,1474,1388,1587,1663,2976,2238,10526,4852,11,0
2022-11-05,1116,1465,1170,1544,1653,2821,2123,9751,4469,15,0
2022-11-06,1112,1472,1224,1458,1505,3055,1946,11636,5867,36,0
2022-11-07,1123,1453,1161,1417,1508,2848,1912,10192,4671,19,0
2022-11-08,1104,1422,1160,1445,1556,2968,1834,8967,4326,25,0
2022-11-09,912,1132,1027,1298,1451,2580,1670,8392,3627,9,0
2022-11-10,913,1157,1079,1283,1429,2498,1665,9137,3626,7,0
2022-11-11,1027,1301,1128,1437,1570,3387,2106,16364,5035,16,0
2022-11-12,1268,1449,1270,1544,1618,3897,2284,26032,5924,16,0
2022-11-13,1423,1859,1974,2152,2424,6467,3394,68950,9770,13,0
2022-11-14,1741,2436,2760,2562,2778,6650,3711,46491,9821,35,0
2022-11-15,1642,2617,1899,2236,2301,4308,2811,19178,6709,15,0
2022-11-16,1789,2573,1993,2421,2322,3971,2925,14745,6338,18,0
2022-11-17,2209,3032,2895,3382,3357,4755,3842,20647,16010,32,0
2022-11-18,1883,2445,2383,2629,2493,4322,2981,17322,10063,19,0
2022-11-19,1991,2309,2340,2791,2623,4924,3309,23024,11311,19,0
2022-11-20,3881,4655,4513,5487,5482,12242,7125,95265,36859,67,0
2022-11-21,2834,3606,3246,4009,3812,7246,4991,40561,22631,40,0
2022-11-22,2938,2401,2176,2803,2610,4447,3371,18943,13847,32,0
2022-11-23,2182,2234,2015,2736,2453,3853,3113,14931,12165,39,0
2022-11-24,1560,1869,1670,2228,2129,3192,2659,12061,8611,19,0
2022-11-25,1347,1531,1471,1831,1772,2870,2278,10430,7411,20,0
2022-11-26,1228,1513,1357,1691,1677,2770,2281,9481,6576,19,0
2022-11-27,1233,1473,1337,1738,1843,2931,2325,9094,6489,14,0
2022-11-28,1070,1351,1120,1567,1531,2469,1937,8508,6039,15,0
2022-11-29,1049,1298,1238,1673,1776,2668,2273,8645,6494,46,0
2022-11-30,986,1185,1058,1444,1499,2338,2029,7820,7552,31,0
2022-12-01,823,1088,883,1184,1238,2065,1655,7147,6146,9,0
2022-12-02,746,918,828,1058,1239,2086,1675,7122,9121,26,0
2022-12-03,754,904,880,1005,1168,1882,1542,6770,6652,17,0
2022-12-04,839,1012,887,1110,1112,2047,1513,6869,6074,20,0
2022-12-05,735,846,800,1067,1099,2109,1465,6753,5498,17,0
2022-12-06,650,808,766,990,1032,1767,1436,6164,4939,22,0
2022-12-07,651,799,829,1054,1111,2060,1452,6372,6790,24,0
2022-12-08,588,731,749,982,949,1835,1283,6017,5481,34,0
2022-12-09,664,720,706,873,925,1600,1102,5637,4781,31,0
2022-12-10,625,748,655,836,928,1577,1180,5225,4265,16,0
2022-12-11,776,858,808,1014,1035,1865,1345,5623,4657,20,0
2022-12-12,706,827,760,1002,1063,2121,1283,5775,5031,14,0
2022-12-13,702,998,875,1180,1177,2173,1371,6166,6358,46,0
2022-12-14,750,878,803,1005,1035,1711,1236,5338,4741,30,0
2022-12-15,699,879,833,1114,1107,1853,1362,6430,8585,72,0
2022-12-16,644,817,720,983,1026,1643,1254,5695,6958,78,0
2022-12-17,715,775,757,933,1013,1630,1219,5355,5433,44,0
2022-12-18,586,677,668,842,926,1530,1110,4841,4924,29,0
2022-12-19,639,930,653,813,849,1485,1081,5698,5075,40,0
2022-12-20,617,759,743,862,920,1598,1546,5331,4891,30,0
2022-12-21,619,721,676,946,931,1513,1222,5301,4635,39,0
2022-12-22,685,736,679,887,911,1600,1246,5100,4644,35,0
2022-12-23,615,719,658,855,799,1557,1117,4830,4300,31,0
2022-12-24,526,663,541,815,735,1476,970,4473,4027,38,0
2022-12-25,621,689,641,795,775,1419,989,4176,4097,27,0
2022-12-26,625,724,703,831,876,1527,1077,4441,4730,26,0
2022-12-27,601,771,750,894,907,1676,1219,4961,4644,36,0
2022-12-28,754,860,720,966,949,1690,1287,5295,4549,28,0
2022-12-29,715,856,706,915,958,1662,1239,5153,4551,29,0
2022-12-30,625,851,853,905,935,1653,1257,5196,4576,450,0
2022-12-31,793,1074,774,964,960,1619,1232,4999,4711,677,0
2023-01-01,671,772,681,839,837,1560,1124,4658,6591,654,0
2023-01-02,768,895,808,1026,1111,1882,1405,4715,6709,574,0
2023-01-03,793,840,863,1213,987,1762,1343,4545,6411,460,0
2023-01-04,772,1188,778,957,976,1872,1309,4542,6372,440,0
2023-01-05,819,945,801,920,1033,1698,1368,4645,6854,614,0
2023-01-06,658,885,830,1002,1001,1688,1274,4586,6591,627,0
2023-01-07,770,838,739,1024,1046,1790,1455,4349,6246,450,0
2023-01-08,735,927,861,1044,1054,1686,1428,4304,6733,482,0
2023-01-09,757,866,791,989,1005,1703,1326,4282,6778,489,0
2023-01-10,615,795,653,784,829,1606,1102,3942,6100,392,0
2023-01-11,754,767,714,938,880,1560,1127,3968,6036,335,0
2023-01-12,656,763,722,898,907,1521,1239,4355,6247,401,0
2023-01-13,669,869,687,921,915,1664,1215,4327,6145,374,0
2023-01-14,645,671,711,1005,970,1657,1167,4439,6143,388,0
2023-01-15,683,802,674,1015,1032,2017,1368,4591,6306,374,0
2023-01-16,698,755,730,1193,963,1715,1294,4081,5708,377,8
2023-01-17,642,715,733,993,1112,1834,1400,4571,6942,493,27
2023-01-18,648,771,729,988,1060,1787,1430,4287,5953,442,0
2023-01-19,708,779,725,974,975,1764,1291,4465,6429,383,2
2023-01-20,542,631,619,854,858,1705,1147,4061,5331,334,4
2023-01-21,589,680,648,923,1022,1647,1178,3825,5141,286,2
2023-01-22,579,746,630,907,883,1768,1342,4093,5270,333,0
2023-01-23,595,746,616,814,973,1686,1226,3968,5492,305,2
2023-01-24,591,745,749,901,845,1718,1257,3847,5196,294,1
2023-01-25,664,712,680,930,1070,1693,1386,3938,5048,290,1
2023-01-26,642,990,680,860,876,1548,1322,3780,5008,298,1
2023-01-27,571,789,656,917,964,1621,1329,3919,6243,380,1
2023-01-28,590,723,648,874,917,1685,1277,3800,5646,330,0
2023-01-29,638,723,682,871,953,1833,1412,4044,6205,311,5
2023-01-30,635,677,1137,858,935,1558,1190,3923,5620,366,1
2023-01-31,535,678,663,899,869,1753,1287,4326,6306,372,3
2023-02-01,650,727,683,870,909,1608,1271,4150,6214,326,1
2023-02-02,535,608,611,892,839,1527,1116,3834,5863,337,3
2023-02-03,706,856,731,967,979,1804,1934,4835,8919,983,9
2023-02-04,620,693,609,890,869,1855,1290,4261,7755,643,1
2023-02-05,839,1115,829,1036,980,1905,1351,4156,6439,492,1
2023-02-06,923,1316,791,970,889,1749,1253,4220,7447,450,2
2023-02-07,814,786,738,1048,1039,1699,1307,4660,8672,530,0
2023-02-08,579,663,614,945,934,1636,1264,3956,6498,381,0
2023-02-09,765,720,691,847,915,1649,1188,3866,5785,384,0
2023-02-10,578,721,702,915,949,1586,1246,3925,6894,340,0
2023-02-11,633,690,695,975,989,1702,1687,4001,6631,404,5
2023-02-12,608,737,806,1045,1122,2033,1644,4716,8427,421,1
2023-02-13,616,791,760,1008,972,1808,1364,4791,7801,414,4
2023-02-14,615,749,813,1054,1012,2057,1483,5214,9299,415,0
2023-02-15,1234,838,801,964,1068,2076,1686,5533,9175,412,2
2023-02-16,700,850,737,960,1068,2122,1532,5260,7941,380,0
2023-02-17,713,905,1289,1123,1137,2119,1610,4914,8826,373,1
2023-02-18,683,805,763,1153,1188,2161,1502,4620,7453,324,2
2023-02-19,680,848,852,1181,1241,2180,1679,5076,7908,382,2
2023-02-20,719,875,934,1354,1420,2537,2239,5346,8654,412,0
2023-02-21,710,821,891,1197,1324,2495,1894,5491,8445,381,0
2023-02-22,819,983,992,1331,1300,2495,1794,5550,8155,305,1
2023-02-23,777,984,873,1224,1334,2764,1866,7429,11722,423,2
2023-02-24,930,1052,980,1546,1564,4368,2338,26798,16284,532,1
2023-02-25,1145,1352,1308,2149,2090,5627,3065,43755,24015,767,0
2023-02-26,1366,1640,1646,2583,2553,6109,3655,42560,26669,693,5
2023-02-27,1330,1902,1720,2581,2557,5622,4077,33076,24686,646,6
2023-02-28,1363,1788,1722,2619,2724,5400,3750,29513,22639,560,1
2023-03-01,1524,1951,1741,2580,2607,5114,3590,24141,20456,470,1
2023-03-02,1310,1705,1619,2377,2593,5058,3639,23193,21544,556,1
2023-03-03,1454,1984,1870,2579,2648,5442,3940,22642,27374,549,0
2023-03-04,1819,2449,2156,3015,3273,6116,4525,24546,34848,641,0
2023-03-05,3008,4287,3563,4485,4921,9882,7112,32159,69911,1252,0
2023-03-06,2860,3722,3060,4008,4081,7562,5535,21889,41324,870,6
2023-03-07,2026,2569,2437,2935,3028,5408,4158,15173,21188,499,8
2023-03-08,1774,2107,1703,2397,2415,4711,3364,12241,16160,416,2
2023-03-09,1544,1824,1563,2203,2332,4139,2996,11022,13259,393,9
2023-03-10,1461,1926,1550,2192,2122,3855,2828,10019,12526,334,0
2023-03-11,1534,1638,1396,1968,2118,3802,2749,10143,12599,368,5
2023-03-12,1603,1732,1600,2172,2112,4090,2941,10420,13069,340,0
2023-03-13,1536,2193,1496,2068,2036,3568,2694,8694,11085,311,0
2023-03-14,1273,1712,1351,1867,1928,3473,2936,7948,10082,318,5
2023-03-15,1770,1841,1378,1797,1937,3495,2494,7845,10012,351,4
2023-03-16,1269,1286,1101,1623,1659,3156,2115,6883,9207,290,3
2023-03-17,1124,1308,1174,1674,1719,3221,2221,7341,10934,289,1
2023-03-18,1232,1711,1433,1854,1850,3992,2715,9233,18083,422,1
2023-03-19,1992,2779,2101,2690,2983,6407,4403,16451,71344,1054,4
2023-03-20,2912,3655,2586,3101,3198,5504,4608,12778,47771,839,1
2023-03-21,2197,3120,2000,2551,2547,4319,3501,8615,18873,458,3
2023-03-22,1992,2650,2109,2314,2424,3983,3127,7526,13730,352,0
2023-03-23,1879,2361,1728,2024,2076,3562,2775,6640,11757,366,2
2023-03-24,1952,1919,1467,1760,1761,3190,2402,5889,10334,283,0
2023-03-25,1341,1749,1417,1819,1795,2989,2405,5968,10721,282,1
2023-03-26,1215,1676,1423,1905,1814,3339,2706,6406,11141,323,1
2023-03-27,1281,1837,1400,1808,1856,2901,2324,5680,9983,236,4
2023-03-28,1270,1664,1391,1749,1853,2896,2157,5403,8834,244,1
2023-03-29,1460,1583,1236,1554,1574,2733,2021,4884,8795,289,0
2023-03-30,1975,1738,1243,1561,1664,2812,2151,5205,9501,296,0
2023-03-31,1429,1530,1361,1560,1666,2836,2094,5267,11236,279,1
2023-04-01,1315,1610,1315,1648,1900,3416,2521,7092,19056,413,1
2023-04-02,2092,2498,2089,2932,2998,6272,4392,15162,87725,1230,0
2023-04-03,1490,1749,1594,2145,2325,3890,2974,7810,25680,571,0
2023-04-04,1527,1929,1987,2190,2182,3827,2683,6035,14504,400,1
2023-04-05,1234,1742,1815,1790,1779,3468,2453,5457,11219,315,11
2023-04-06,1340,1911,1557,1867,1881,3068,2483,5024,10145,313,14
2023-04-07,1351,1609,1440,1704,1967,2964,2251,4702,9250,305,2
2023-04-08,1149,1433,1273,1726,1696,2704,2076,4559,8806,303,3
2023-04-09,1133,1408,1347,1625,1723,2727,2104,4571,8756,330,10
2023-04-10,1217,1469,1286,1699,1719,2757,2203,4670,8860,389,1
2023-04-11,1060,1309,1195,1597,1760,2637,2074,4239,8530,346,4
2023-04-12,1017,1279,1137,1466,1540,2388,1892,3978,7591,260,1
2023-04-13,994,1217,1048,1374,1479,2328,1837,3763,7491,301,1
2023-04-14,960,1200,989,1300,1398,2390,1988,3538,7311,258,0
2023-04-15,1044,1291,983,1381,1406,2064,1645,3417,7341,288,2
2023-04-16,1093,1367,1100,1443,1471,2350,1936,3907,8693,295,2
2023-04-17,895,1247,999,1259,1305,2077,1651,3410,7553,266,1
2023-04-18,935,1287,989,1199,1244,2108,1619,3212,7205,279,0
2023-04-19,880,1137,898,1151,1042,1882,1400,2916,6638,281,1
2023-04-20,870,1256,933,1086,1063,1835,1356,3073,6649,254,0
2023-04-21,833,1078,849,962,999,1773,1280,2889,6623,232,3
2023-04-22,689,1004,808,1032,1061,1764,1366,2927,7284,240,3
2023-04-23,841,1071,963,1058,1120,1885,1463,3107,8224,250,0
2023-04-24,799,963,905,975,1085,1945,1343,3261,7544,321,0
2023-04-25,753,975,887,1075,1182,1917,1409,3130,7261,270,3
2023-04-26,723,883,862,1004,1032,1862,1317,3065,7205,263,2
2023-04-27,694,1016,829,974,1002,1738,1243,3007,7612,287,0
2023-04-28,645,899,915,1028,1200,2171,1417,4246,14261,341,1
2023-04-29,871,937,880,1049,1163,2353,1467,5100,30731,525,1
2023-04-30,1279,1774,1515,1699,2010,3852,2700,9485,75763,999,0
2023-05-01,1070,1420,1218,1573,1801,2980,2251,6067,27035,590,0
2023-05-02,1002,1319,1080,1252,1411,2317,1716,4659,15645,408,1
2023-05-03,799,1019,840,1069,1181,2094,1518,3728,11424,336,0
2023-05-04,747,1034,858,1099,1166,2052,1482,3768,10219,337,0
2023-05-05,913,1461,976,1134,1222,2013,1532,4178,11887,357,0
2023-05-06,1153,1309,942,1245,1261,2305,1758,5170,16311,378,3
2023-05-07,1944,2608,1927,2219,2538,4515,3313,10286,52190,857,2
2023-05-08,2011,2599,1947,2298,2760,4904,3566,9425,45907,897,4
2023-05-09,1299,1726,1394,1647,1869,2949,2263,5008,16487,413,1
2023-05-10,1079,1291,1125,1443,1584,2526,1984,4141,11588,351,0
2023-05-11,1118,1392,1255,1791,1632,2691,2063,4135,12353,366,2
2023-05-12,1162,1402,1242,1503,1492,2577,1919,3567,10265,271,1
2023-05-13,820,976,916,1106,1218,1896,1568,2962,8880,266,1
2023-05-14,817,1000,911,1219,1396,2226,1790,3368,9263,281,1
2023-05-15,939,1297,1013,1417,1290,2089,1690,3326,8751,310,0
2023-05-16,857,1118,903,1211,1151,2061,1616,3173,8353,306,0
2023-05-17,756,932,788,1137,1294,2428,2086,3880,20021,716,3
2023-05-18,690,813,776,1015,1100,2022,1778,2963,11359,472,0
2023-05-19,713,874,752,965,1024,1794,1518,2560,8546,312,2
2023-05-20,820,961,842,1057,1184,2383,1762,2868,8484,306,2
2023-05-21,855,946,845,1044,1128,2343,1649,3110,9349,311,1
2023-05-22,766,965,840,1043,1083,1945,1417,2905,8478,374,0
2023-05-23,751,1003,1018,1141,1190,1811,1508,2889,8258,373,2
2023-05-24,1052,1019,888,1167,1255,1890,1560,3021,8953,674,5
2023-05-25,855,947,823,1108,1115,1722,1390,2855,8545,385,3
2023-05-26,724,948,797,988,1032,1949,1375,3195,9788,338,1
2023-05-27,857,1207,1021,1256,1333,2413,1735,4139,15702,409,3
2023-05-28,1446,1819,1603,2094,2194,4327,3001,8557,68886,997,1
2023-05-29,1141,1532,1357,1704,1795,3256,2411,5984,28646,678,0
2023-05-30,1099,1360,1261,1688,1548,2810,2139,4600,16369,453,1
2023-05-31,1115,1458,1277,1598,1588,2717,2107,4191,13033,405,1
2023-06-01,987,1557,1162,1438,1513,2510,1877,3970,11099,371,1
2023-06-02,1053,1504,1132,1348,1457,2340,1851,4040,12476,341,1
2023-06-03,1059,1558,1188,1400,1566,2563,2036,4774,18054,469,1
2023-06-04,2153,3248,2182,2639,3100,5128,4012,11363,66949,1156,3
2023-06-05,1584,2296,1749,2061,2291,3714,2903,7127,27839,682,3
2023-06-06,1263,1798,1313,1725,1921,2963,2366,4777,13969,497,1
2023-06-07,1038,1387,1108,1508,1570,2546,2011,3830,10514,420,2
2023-06-08,991,1321,1094,1419,1478,2348,1900,3362,9447,378,1
2023-06-09,981,1254,988,1388,1434,2200,1887,3071,8497,302,4
2023-06-10,812,1051,858,1213,1180,1992,1493,2725,7849,292,1
2023-06-11,902,1101,1023,1411,1417,2303,1730,3246,9083,354,1
2023-06-12,898,1104,1010,1266,1358,2145,1621,3072,8309,371,2
2023-06-13,814,1016,910,1058,1252,1998,1384,3045,8091,327,0
2023-06-14,884,1032,1089,1229,1384,1982,1613,3027,7731,326,0
2023-06-15,842,1023,867,1222,1355,2027,1616,3022,8031,312,1
2023-06-16,790,947,856,1103,1258,2021,1499,3273,9411,310,0
2023-06-17,823,1054,948,1182,1291,2417,1721,4031,13465,375,1
2023-06-18,1654,2253,1956,2242,2685,4677,3531,9886,65489,1095,2
2023-06-19,1741,2252,1904,2341,2736,4521,3439,8745,44317,980,3
2023-06-20,1285,1598,1385,1779,1976,3241,2597,5260,18105,513,1
2023-06-21,1157,1366,1277,1591,1774,2858,2286,4336,13427,508,4
2023-06-22,1088,1296,1095,1377,1488,2423,1924,3460,10209,394,3
2023-06-23,928,1130,1085,1298,1331,2172,1690,3192,9479,364,2
2023-06-24,926,1113,916,1211,1301,2150,1675,3154,8987,328,0
2023-06-25,913,1167,1055,1305,1352,2271,1697,3533,10191,501,3
2023-06-26,1220,1260,1117,1407,1498,2337,1946,3591,10307,488,4
2023-06-27,950,1226,1063,1321,1489,2370,1876,3416,9144,434,1
2023-06-28,954,1118,1006,1238,1425,2226,1811,3279,8774,483,2
2023-06-29,1067,1275,1078,1447,1407,2245,1870,3332,9207,495,6
2023-06-30,1137,1411,1303,1596,1678,2759,2362,4458,15584,539,1
2023-07-01,1036,1244,1151,1421,1689,2883,2249,4961,29413,649,1
2023-07-02,2186,2613,2175,2575,3254,5208,4116,10852,76708,1373,4
2023-07-03,1675,2183,1825,2146,2543,3887,3177,6893,34543,905,2
2023-07-04,1463,1705,1427,1766,2011,3318,2490,4887,16195,573,0
2023-07-05,1239,1602,1429,1902,1996,3380,2685,4808,16225,2946,159
2023-07-06,1211,1540,1341,1726,1745,2830,2259,4152,12915,2490,365
2023-07-07,1370,1803,1376,1641,1782,2886,2452,4324,13035,1614,236
2023-07-08,1467,1821,1481,1845,2116,3615,2942,5672,23423,1673,269
2023-07-09,2622,3330,2570,3107,3531,6477,5797,13306,84996,2993,540
2023-07-10,2080,2820,2121,2608,2874,4902,4315,9103,38944,2092,310
2023-07-11,2540,3157,2871,3457,3639,5782,4679,9862,44670,2461,399
2023-07-12,2058,2790,2486,3034,2964,4542,3567,7099,26334,2002,321
2023-07-13,1551,1980,1733,2101,2220,3400,2717,5099,15244,1491,226
2023-07-14,1441,1880,1616,2034,2082,3059,2573,4240,12376,1240,222
2023-07-15,1373,1792,1473,1867,1909,3001,2320,4056,11844,1188,186
2023-07-16,1296,1560,1428,1714,1808,3037,2225,4044,11809,1185,189
2023-07-17,1656,1948,1541,1937,1866,2951,2292,3918,10996,1071,165
2023-07-18,1557,2046,1735,1982,1886,3008,2281,3999,10598,1193,196
2023-07-19,1317,1571,1468,1743,1713,2819,2223,3698,10048,1070,174
2023-07-20,1292,1541,1422,1616,1638,2830,2169,3716,10437,924,152
2023-07-21,1143,1423,1256,1557,1527,2439,1999,3886,12354,957,144
2023-07-22,1233,1666,1386,1836,1869,3640,2468,5844,23671,1378,205
2023-07-23,3486,5119,2726,3107,3436,6116,4699,13275,90194,2682,441
2023-07-24,2563,3507,2247,2605,2845,4416,3647,8105,36912,1815,289
2023-07-25,2162,2659,1864,2342,2338,3617,2967,5575,18172,1310,207
2023-07-26,1791,2368,1790,2135,2115,3210,2755,4725,14335,1317,246
2023-07-27,1382,2052,1417,1816,1959,2994,2443,4329,13011,1168,176
2023-07-28,1448,1816,1448,1821,2058,3207,2462,5396,20480,1416,229
2023-07-29,1492,1977,1628,2050,2124,3530,2615,6234,37885,1801,280
2023-07-30,3185,4195,3197,3711,4087,6448,5244,12411,78381,3114,556
2023-07-31,2637,3436,2693,3274,3538,5021,4306,8213,36044,2195,386
2023-08-01,2053,2568,2009,2446,2686,4121,3342,5660,18207,1605,246
2023-08-02,1652,2197,1811,2254,2351,3640,3065,4668,14066,1628,251
2023-08-03,1645,2130,1576,2024,2036,3309,2627,4309,13148,1604,230
2023-08-04,1527,2050,1520,1888,1830,3010,2357,3862,11438,1917,211
2023-08-05,1243,1635,1356,1679,1635,2554,2088,3586,9741,1421,183
2023-08-06,1391,1748,1382,1804,1749,2560,2238,3543,10125,1425,221
2023-08-07,1395,1709,1314,1695,1721,2686,2172,3526,9849,1521,232
2023-08-08,1211,1674,1321,1626,1604,2418,2118,3394,9122,1338,200
2023-08-09,1062,1334,1112,1429,1434,2338,1883,3026,8558,1309,194
2023-08-10,1072,1397,1102,1470,1471,2333,1891,3121,8517,1270,173
2023-08-11,1007,1267,1058,1289,1356,2095,1692,2646,7488,1091,114
2023-08-12,930,1103,1006,1143,1164,1956,1501,2451,7124,1096,126
2023-08-13,1001,1221,992,1273,1389,2151,1672,2519,7698,1078,114
2023-08-14,846,1071,935,1211,1151,1933,1535,2679,8323,1124,160
2023-08-15,859,1214,950,1181,1214,1902,1523,2421,7594,1107,152
2023-08-16,995,1229,1008,1253,1247,1969,1500,2536,7550,1161,148
2023-08-17,1009,1145,985,1224,1187,2032,1459,2577,7150,1104,128
2023-08-18,1022,1274,1035,1114,1139,1939,1454,2380,6832,1029,141
2023-08-19,823,986,866,1042,1048,1751,1319,2375,6581,1332,147
2023-08-20,779,946,789,1037,1011,1633,1221,2318,7598,1144,124
2023-08-21,784,973,798,970,1008,1710,1199,2252,7989,1159,163
2023-08-22,752,1001,772,1002,1081,1703,1272,2462,7565,1117,152
2023-08-23,966,1055,978,1035,1065,1720,1339,2452,7500,1149,132
2023-08-24,956,1217,1066,1127,1205,1787,1377,2607,8961,2889,313
2023-08-25,807,985,1016,1085,1105,2098,1431,2885,13795,1847,193
2023-08-26,826,1039,1117,1242,1314,2221,1643,3392,18229,1743,222
2023-08-27,1489,1840,1673,1950,2152,3942,2897,7440,76255,3004,398
2023-08-28,1330,1765,1517,1772,2012,3525,2612,5777,36007,2228,333
2023-08-29,1199,1422,1241,1530,1664,2714,2097,4156,18107,1661,227
2023-08-30,1096,1273,1145,1359,1469,2463,1944,3585,13777,1596,241
2023-08-31,1255,1410,1186,1488,1630,2594,2078,3906,13923,3647,548
2023-09-01,1277,1560,1377,1641,1575,2519,2000,3743,13916,2204,307
2023-09-02,1250,1568,1362,1716,1695,2775,2183,4664,20928,2223,318
2023-09-03,2569,3503,2251,2528,2888,5154,4171,10926,80948,3733,511
2023-09-04,2632,3493,2308,2530,2744,4369,3531,7358,35731,2665,381
2023-09-05,1778,2279,1644,1920,2111,3354,2754,5131,18186,1920,288
2023-09-06,1347,1802,1366,1646,1836,2671,2441,4041,13206,1724,267
2023-09-07,1282,1826,1260,1440,1569,2438,2058,3510,11077,1528,210
2023-09-08,1127,1442,1183,1360,1432,2432,1936,3104,9834,1430,215
2023-09-09,960,1274,1026,1277,1253,2101,1598,2844,9449,1393,173
2023-09-10,1064,1390,1085,1241,1386,2074,1687,2884,9845,1383,172
2023-09-11,938,1281,1108,1297,1342,1939,1643,3002,9150,1457,190
2023-09-12,1054,1279,1131,1322,1221,2099,1630,2843,8779,1330,198
2023-09-13,985,1183,1358,1383,1386,2086,1643,2877,8950,1576,178
2023-09-14,920,1154,1168,1255,1303,2041,1602,3139,10452,3484,369
2023-09-15,854,999,1021,1098,1131,2151,1443,3166,10704,2156,229
2023-09-16,1297,1393,1294,1502,1569,2835,1875,4912,20079,2252,274
2023-09-17,1715,2046,1862,2189,2614,5105,3553,13705,91266,4357,583
2023-09-18,1524,1687,1569,2016,2144,3985,2727,7765,38161,3253,456
2023-09-19,1202,1343,1271,1570,1768,3103,2268,5131,18170,2464,301
2023-09-20,1149,1274,1162,1393,1566,3184,1957,4221,14448,2533,366
2023-09-21,919,1192,1107,1331,1491,2584,1698,3794,12474,2190,288
2023-09-22,1004,1178,1060,1340,1417,2461,1708,3826,13439,2322,245
2023-09-23,1245,1465,1371,1688,1990,3164,2399,5085,23174,5492,618
2023-09-24,2175,2626,3141,2855,3218,6397,4372,11362,83380,5896,854
2023-09-25,1335,1613,1580,1832,1994,3949,2781,5987,26628,3131,363
2023-09-26,1147,1315,1262,1616,1696,3086,2213,4351,15849,2286,307
2023-09-27,1050,1281,1172,1405,1442,2729,1895,3547,12902,2213,252
2023-09-28,1018,1248,1224,1534,1451,2348,1889,3187,10874,2161,263
2023-09-29,945,1116,1085,1377,1366,2226,1753,2779,10005,2138,268
2023-09-30,955,1061,983,1322,1829,2207,1751,2905,9948,1929,239
2023-10-01,904,1079,1225,1442,1664,2362,1928,3038,10318,1999,242
2023-10-02,871,1189,948,1193,1324,2453,1540,2874,10168,2111,387
2023-10-03,936,1321,1087,1138,1205,2435,1569,2808,9654,2144,430
2023-10-04,900,1168,872,1039,1222,2201,1556,2464,8790,2034,297
2023-10-05,756,989,781,1041,1096,2207,1475,2550,9262,1939,260
2023-10-06,973,1136,1038,1230,1322,2959,1916,3445,15177,2341,324
2023-10-07,1354,1780,1459,1652,1762,4216,2629,5706,40687,3293,394
2023-10-08,1624,2016,1587,1908,2255,5020,3204,7174,82935,5605,647
2023-10-09,1217,1607,1409,1713,1899,3881,2703,5265,42765,4806,609
2023-10-10,1143,1468,1237,1438,1613,2942,2201,3811,24759,3223,377
2023-10-11,928,1230,1087,1341,1395,2421,1859,3072,18881,2697,326
2023-10-12,965,1300,990,1281,1252,2270,1718,2850,15760,2400,303
2023-10-13,879,1043,903,1171,1215,2053,1600,2571,14546,2542,344
2023-10-14,940,1258,965,1183,1255,2168,1660,2618,13142,2208,226
2023-10-15,844,1066,922,1190,1225,2020,1620,2436,10832,2317,272
2023-10-16,829,980,854,1213,1249,1960,1506,2330,10384,2072,204
2023-10-17,944,1135,935,1357,1277,2182,1506,2656,9343,2168,231
2023-10-18,869,1081,946,1168,1106,1889,1387,2465,9427,2299,227
2023-10-19,901,1001,858,1153,1164,1863,1342,2276,9290,2169,202
2023-10-20,723,913,813,1090,1189,2037,1524,2825,13755,2397,238
2023-10-21,808,915,910,1143,1288,2169,1597,3516,20858,2649,255
2023-10-22,1253,1503,1327,1644,1848,3566,2512,5953,64883,4128,449
2023-10-23,1357,1728,1566,1818,2170,4341,2920,6794,74770,4701,554
2023-10-24,1034,1237,1082,1341,1438,2650,2008,3498,19122,2518,290
2023-10-25,1014,1308,1065,1281,1422,2303,1724,3021,13726,2474,270
2023-10-26,854,1252,973,1162,1246,2015,1551,2674,11207,2227,226
2023-10-27,900,1065,938,1125,1263,2030,1498,2832,12566,2268,216
2023-10-28,991,1151,985,1251,1379,2218,1675,3136,14794,2415,243
2023-10-29,1323,1627,1462,1823,2070,3692,2639,6120,51792,4093,461
2023-10-30,1409,1862,1636,2042,2260,3921,2998,6446,54294,4831,618
2023-10-31,977,1254,1123,1372,1571,2430,1969,3558,18078,3104,339
2023-11-01,993,1309,1094,1406,1583,2464,1969,3333,14174,3101,344
2023-11-02,1042,1304,1139,1466,1598,2617,2050,3319,12888,2866,308
2023-11-03,1042,1328,1100,1384,1585,2575,1899,3822,16276,2952,323
2023-11-04,993,1374,1065,1406,1551,2688,1981,4011,25934,3225,309
2023-11-05,1507,2123,1643,2056,2398,4212,3160,6825,67128,5307,590
2023-11-06,1476,2069,1632,1944,2279,3860,2946,5492,43742,4599,518
2023-11-07,1089,1649,1248,1531,1660,2662,2113,3458,17658,2987,325
2023-11-08,996,1542,1121,1455,1538,2448,1951,3047,13563,2636,294
2023-11-09,963,1288,1069,1403,1446,2403,1806,2652,12020,2600,250
2023-11-10,958,1273,1129,1437,1422,2190,1773,2547,11273,2657,260
2023-11-11,947,1223,1078,1316,1432,2192,1692,2440,10620,2513,226
2023-11-12,864,1089,897,1231,1265,2105,1641,2581,10941,2614,278
2023-11-13,989,1143,980,1168,1257,2139,1818,2410,10517,2620,271
2023-11-14,899,1062,887,1067,1185,2074,1614,2435,10110,2715,280
2023-11-15,1027,1320,1045,1204,1284,2077,1775,2444,10017,2610,333
2023-11-16,1038,1144,1021,1171,1238,2059,1612,2420,11524,2689,283
2023-11-17,884,1065,1000,1118,1178,1998,1611,2543,14076,3005,319
2023-11-18,1024,1183,1056,1318,1409,2382,1842,3348,20710,3842,397
2023-11-19,2009,3340,2152,2405,2772,5448,4024,8527,89134,9722,1005
2023-11-20,1494,2757,1584,2000,2109,3743,2955,5064,31595,6251,621
2023-11-21,1277,2003,1387,1644,1831,3093,2401,4016,18589,4461,492
2023-11-22,1449,2107,1409,1672,1860,3115,2498,3984,15694,4975,445
2023-11-23,1307,1863,1304,1551,1735,2902,2331,3625,14981,5676,477
2023-11-24,1199,1597,1246,1428,1573,2848,2090,3710,17734,6407,582
2023-11-25,1335,1805,1422,1669,1917,3429,2627,4659,25757,8013,597
2023-11-26,2649,3431,2768,3186,3729,7490,5377,12360,113751,24979,1958
2023-11-27,2336,3215,2396,3040,3475,6030,4739,8896,56032,17395,1366
2023-11-28,1559,2134,1736,2244,2624,3983,3305,5665,25686,9998,737
2023-11-29,1271,1693,1337,1687,1893,3114,2562,4049,17662,7197,597
2023-11-30,1146,1524,1213,1550,1804,2758,2257,3590,14902,6327,434
2023-12-01,1040,1417,1135,1508,1686,2660,2227,3280,14092,8252,600
2023-12-02,1120,1231,1092,1465,1619,2478,2149,3215,12492,6741,507
2023-12-03,984,1272,1112,1549,1833,2511,2096,3037,10958,5679,383
2023-12-04,936,1197,1076,1404,1630,2406,2060,2845,10297,5448,402
2023-12-05,866,1049,971,1321,1492,2168,1785,2590,9815,6254,440
2023-12-06,833,1710,1010,1286,1432,2048,1798,2301,8982,4751,346
2023-12-07,756,943,824,1013,1112,1762,1474,2113,7766,4227,261
2023-12-08,788,1009,795,1029,1117,1745,1368,2118,7380,4011,257
2023-12-09,741,899,755,1080,1061,1748,1423,2231,7200,3718,243
2023-12-10,783,949,878,1047,1106,1760,1436,2393,7479,6323,280
2023-12-11,795,1069,844,1031,1126,1877,1520,2143,7827,7245,315
2023-12-12,831,911,802,952,1139,2280,1480,2225,7697,5753,244
2023-12-13,715,806,758,916,1065,1934,1489,1875,7133,4658,253
2023-12-14,697,813,699,937,995,1676,1257,1728,6697,4662,236
2023-12-15,779,1192,810,1031,1010,1739,1353,1883,7911,10119,482
2023-12-16,765,814,692,884,947,1528,1221,1732,6347,5927,288
2023-12-17,677,853,639,835,958,1455,1199,1758,6096,4686,268
2023-12-18,841,898,723,876,905,1578,1271,1743,6522,4662,253
2023-12-19,680,912,692,865,920,1540,1301,1667,6107,4305,248
2023-12-20,650,747,651,847,951,1435,1176,1562,5785,4149,225
2023-12-21,692,939,625,861,903,1390,1194,1582,5728,3919,202
2023-12-22,773,974,649,877,977,1340,1262,1538,5855,3772,222
2023-12-23,726,830,619,943,889,1244,1141,1473,5252,3692,219
2023-12-24,606,739,590,781,822,1288,1039,1552,5223,3414,184
2023-12-25,643,862,686,836,813,1233,1024,1481,4868,3239,194
2023-12-26,670,848,720,942,908,1446,1234,1726,4996,3616,187
2023-12-27,705,850,717,978,1004,1620,1274,1769,5562,3909,209
2023-12-28,686,819,687,837,916,1463,1342,1755,6033,4105,250
2023-12-29,727,879,752,970,970,1549,1271,1796,5981,4143,214
2023-12-30,677,854,689,984,927,1608,1313,1797,5639,3825,187
2023-12-31,604,688,615,853,894,1380,1165,1528,5391,3995,207
2024-01-01,596,669,644,862,878,1435,1112,1737,5379,8915,465
2024-01-02,698,812,734,950,1064,1561,1334,1788,5449,7881,371
2024-01-03,708,850,744,968,977,1565,1280,1807,5177,6376,311
2024-01-04,701,823,790,891,1037,1494,1304,1751,5080,6346,328
2024-01-05,720,802,773,965,1074,1461,1285,1664,4820,5120,299
2024-01-06,709,728,711,866,978,1394,1172,1613,4491,4682,266
2024-01-07,722,800,817,941,994,1441,1292,1666,4871,5046,280
2024-01-08,636,836,669,838,905,1665,1176,1880,4550,5108,329
2024-01-09,627,713,727,861,847,1380,1083,1603,4488,5035,280
2024-01-10,727,863,765,1122,961,1626,1248,1894,5272,5555,311
2024-01-11,816,951,783,1259,1054,1520,1263,1836,5223,5411,302
2024-01-12,731,829,720,1078,894,1356,1090,1606,4411,4707,231
2024-01-13,676,761,686,932,873,1355,1127,1639,4465,4786,254
2024-01-14,710,831,721,994,978,1483,1212,1784,4782,5447,274
2024-01-15,706,855,779,959,933,1489,1080,1670,4697,5605,257
2024-01-16,642,783,689,924,906,1370,1075,1648,4680,5778,264
2024-01-17,745,767,695,925,916,1453,1135,1636,4653,6284,311
2024-01-18,679,689,596,787,840,1372,1075,1562,4534,6037,303
2024-01-19,610,737,625,817,796,1317,1009,1567,4434,7045,286
2024-01-20,583,725,647,855,827,1406,1073,1604,4236,5486,291
2024-01-21,686,781,725,867,969,1541,1214,1712,4283,5542,272
2024-01-22,615,740,613,849,917,1398,1127,1556,4191,5541,242
2024-01-23,621,720,726,890,892,1455,1228,1640,4546,6998,893
2024-01-24,582,701,643,857,852,1311,1046,1606,4995,12810,666
2024-01-25,597,705,659,866,992,1526,1278,1904,5124,9654,599
2024-01-26,594,725,702,841,958,1567,1212,1726,4668,7632,490
2024-01-27,590,737,644,762,930,1369,1106,1696,5604,6784,374
2024-01-28,653,731,640,878,902,1474,1186,1720,4651,7007,305
2024-01-29,663,770,713,887,914,1473,1163,1575,4659,7418,351
2024-01-30,663,764,588,864,956,1499,1182,1748,4567,6719,343
2024-01-31,780,966,831,1014,1010,1601,1237,1748,5092,7278,409
2024-02-01,1907,2389,1877,2160,2232,5461,3580,6586,25932,31201,9985
2024-02-02,1833,2250,1780,2078,2193,4727,3203,5708,19669,23999,8110
2024-02-03,1290,1578,1308,1663,1788,3214,2262,3792,10966,13201,4127
2024-02-04,1457,1582,1424,1625,1651,3033,2125,3319,9551,11357,3171
2024-02-05,1240,1414,1243,1522,1564,2937,2070,3245,9576,13972,3039
2024-02-06,1130,1236,1034,1328,1395,2514,1748,2736,8198,12989,2595
2024-02-07,979,1191,940,1287,1414,2326,1711,2597,7432,11087,2107
2024-02-08,899,1089,975,1215,1287,2241,1679,2345,6807,9631,1942
2024-02-09,940,974,915,1167,1367,2281,1730,2424,6997,12309,1965
2024-02-10,839,1124,905,1202,1309,2411,1719,2368,6077,8846,1470
2024-02-11,866,1132,943,1304,1499,2308,1873,2449,6130,8675,1379
2024-02-12,771,945,841,1145,1206,1959,1594,2191,6345,9051,1530
2024-02-13,858,1065,930,1193,1288,2224,1619,2522,6787,9031,1453
2024-02-14,817,990,919,1279,1292,2225,1660,2497,6857,9366,1437
2024-02-15,799,910,814,1102,1197,1998,1531,2338,6755,8850,1309
2024-02-16,783,938,829,1067,1115,1987,1458,2253,6558,8823,1107
2024-02-17,801,1026,878,1230,1174,2083,1556,2243,5774,8403,1148
2024-02-18,827,976,888,1310,1277,2180,1717,2421,6100,9309,1256
2024-02-19,860,1039,949,1308,1339,2224,1764,2574,6134,9033,1170
2024-02-20,796,934,890,1247,1301,2556,1945,2538,6439,8900,1038
2024-02-21,900,1106,1012,1343,1359,2504,1830,2830,9514,13934,1325
2024-02-22,865,1120,1001,1291,1287,2386,1811,2684,7876,11575,1230
2024-02-23,1006,1332,1122,1504,1551,2960,2159,4640,28293,15013,1833
2024-02-24,1093,1377,1204,1755,1827,3491,2373,5647,48177,18888,2565
2024-02-25,1294,1515,1397,2243,2189,4046,2880,6221,54982,22374,2994
2024-02-26,1218,1618,1466,2260,2107,3886,2860,5645,43933,21367,2731
2024-02-27,1290,1692,1385,2195,2335,4004,2945,5321,38621,19239,2624
2024-02-28,1326,1776,1498,2102,2185,3800,2878,4827,33565,18562,2367
2024-02-29,1267,1693,1423,2067,2106,4048,2903,5082,31113,24360,2551
2024-03-01,1421,1869,1547,2318,2342,4631,3315,5549,30432,31615,2594
2024-03-02,2266,2822,2461,3213,3404,6634,4825,7707,36836,54988,3769
2024-03-03,2161,2701,2298,3185,3372,6098,4446,6813,28663,34003,2737
2024-03-04,1816,2465,2025,2638,2773,5168,3670,5580,22332,22496,2062
2024-03-05,1488,1904,1583,2194,2264,4711,3095,4721,17955,15716,1783
2024-03-06,1373,1850,1441,1912,2151,4095,2703,4297,15403,13843,1703
2024-03-07,1380,1744,1322,1924,1993,4113,2607,4133,14115,14416,1589
2024-03-08,1701,2007,1709,2170,2399,4775,3106,5384,16881,27828,1875
2024-03-09,2124,2584,2122,2851,2962,5761,3956,6577,21968,58048,2819
2024-03-10,2171,2622,2232,2876,3009,5506,4118,6033,18144,37635,2474
2024-03-11,1756,2201,1871,2504,2497,4355,3221,4579,13327,21216,1811
2024-03-12,1679,2212,1654,2207,2378,4024,3002,4390,11341,14782,1468
2024-03-13,1535,1879,1623,1983,2049,3451,2624,3782,9600,12425,1334
2024-03-14,1454,1963,1524,2026,2048,3526,2660,3494,9107,11188,1326
2024-03-15,1844,1752,1400,1831,1752,2974,2290,3078,8203,10273,1277
2024-03-16,1514,1630,1357,1775,1749,2984,2236,3068,8267,10509,1360
2024-03-17,1360,1592,1335,1780,1912,2961,2458,3093,8316,10870,1414
2024-03-18,1232,1553,1362,1885,1816,3051,2223,3172,8013,10160,1177
2024-03-19,1111,1407,1213,1576,1702,2835,2231,3071,7296,9686,1240
2024-03-20,1127,1448,1223,1540,1710,2783,2055,2982,7026,9432,1151
2024-03-21,1159,1367,1263,1505,1731,2735,2001,2825,6776,9594,1385
2024-03-22,1171,1376,1194,1500,1631,2619,1946,3049,8175,14752,1355
2024-03-23,1428,1615,1325,1636,1824,3195,2391,3752,10356,21470,1578
2024-03-24,2262,2568,2251,2798,3192,6342,4203,11196,23594,103796,4308
2024-03-25,1992,2198,1919,2478,2616,4593,3234,6473,12344,29439,2376
2024-03-26,1868,2097,1770,2339,2456,3885,2943,5425,9128,16772,1639
2024-03-27,1430,1796,1463,1984,2025,3226,2647,3920,7204,12462,1495
2024-03-28,1342,1640,1355,1911,1947,3055,2618,3426,6525,11344,1508
2024-03-29,1804,1740,1457,1871,1905,2883,2389,3195,6669,10584,1385
2024-03-30,1434,1519,1287,1797,1724,2872,2235,3177,6252,9996,1232
2024-03-31,1170,1452,1379,1825,1695,2811,2183,3074,5812,9866,1294
2024-04-01,1194,1667,1313,1907,1743,3034,2316,3053,6004,10280,1524
2024-04-02,1193,1489,1156,1617,1637,3280,1977,2736,5397,9151,1301
2024-04-03,1181,1416,1200,1558,1606,2846,2022,2800,5293,8592,1299
2024-04-04,1076,1445,1234,1588,1672,2526,1989,2759,5104,9336,1304
2024-04-05,1216,1338,1207,1506,1590,2631,2037,2824,5533,10736,1355
2024-04-06,1246,1450,1298,1656,1770,2749,2193,3068,6957,15404,1420
2024-04-07,1698,1963,1806,2275,2772,4407,3293,5061,11686,59552,2726
2024-04-08,1382,1633,1511,1993,2287,3353,2572,3477,6920,19997,1569
2024-04-09,1286,1524,1396,1706,1830,2917,2305,2915,5602,12033,1429
2024-04-10,1198,1469,1216,1564,1654,2661,2051,2839,5173,10086,1226
2024-04-11,1080,1305,1213,1518,1584,2550,1968,2544,4978,10383,2926
2024-04-12,1238,1345,1301,1642,1858,2640,2180,2785,5239,11955,4861
2024-04-13,990,1161,1130,1468,1604,2279,1836,2455,4572,9042,2569
2024-04-14,1007,1182,1107,1482,1645,2234,1900,2353,4382,8658,1886
2024-04-15,1146,1607,1387,1688,1903,2377,1918,2385,4336,8713,1606
2024-04-16,1065,1905,1302,1686,1900,2190,1809,2200,4083,7854,1541
2024-04-17,962,1221,1010,1361,1632,1975,1606,2017,3476,7314,1371
2024-04-18,1007,1202,1074,1405,1640,1973,1627,2085,3496,8143,1564
2024-04-19,957,1246,991,1381,1833,2317,1808,2371,4538,12058,1428
2024-04-20,1250,1913,1329,1565,1914,2713,2047,3109,6189,24415,2161
2024-04-21,1579,2467,1802,2130,2552,3993,3015,4561,9711,51378,3035
2024-04-22,1291,1829,1413,1831,2211,2968,2412,3348,6339,19814,1891
2024-04-23,1172,1608,1345,1631,1780,3415,2088,2837,4843,11958,1454
2024-04-24,1140,1583,1405,1677,1677,2691,1978,2546,4565,11481,1594
2024-04-25,1066,1530,1198,1508,1494,2477,1976,2510,4520,10321,1764
2024-04-26,1217,1531,1358,1811,1608,2446,1971,2673,4889,13446,9191
2024-04-27,1003,1329,1103,1319,1390,2045,1592,2090,3505,9165,3094
2024-04-28,872,1309,1019,1224,1336,2038,1603,2103,3724,9219,2035
2024-04-29,945,1245,1058,1312,1261,2088,1612,2217,3869,8806,1786
2024-04-30,890,1173,992,1192,1239,1943,1518,2122,3656,7917,1656
2024-05-01,1132,1238,1044,1252,1398,2274,1727,2237,3717,8461,1722
2024-05-02,846,1075,899,1086,1179,1934,1476,2213,3548,8304,1691
2024-05-03,921,1178,960,1264,1209,1978,1460,2137,3993,10938,1919
2024-05-04,931,1162,1026,1229,1367,2245,1557,2857,5905,30485,2133
2024-05-05,1299,1537,1303,1598,1900,3895,2455,5308,10397,58496,2914
2024-05-06,1431,1799,1544,2033,2536,4714,3067,5628,10924,58149,3160
2024-05-07,1087,1347,1185,1474,1754,2771,2066,3174,5530,18606,1864
2024-05-08,1005,1171,991,1236,1411,2294,1729,2451,4215,12300,1580
2024-05-09,818,1105,984,1249,1367,2267,1820,2441,3859,10617,1518
2024-05-10,826,1040,895,1118,1289,2033,1667,2174,3437,9407,1324
2024-05-11,876,1038,880,1055,1255,1879,1537,1968,3211,8624,1229
2024-05-12,813,947,842,1092,1192,1760,1451,2046,3336,9236,1305
2024-05-13,806,970,877,1072,1183,2045,1647,2173,3588,9276,1599
2024-05-14,921,1080,869,1051,1127,2096,1589,2069,3189,8683,1457
2024-05-15,756,950,774,947,1115,1864,1565,2017,3266,8910,2449
2024-05-16,795,970,821,989,1062,1906,1443,1980,3100,8469,1594
2024-05-17,779,876,754,899,989,1745,1383,2117,3236,10397,1427
2024-05-18,813,983,900,1034,1231,2156,1799,2571,4600,17341,1858
2024-05-19,1012,1217,1108,1349,1520,2859,2281,3644,7594,50931,2828
2024-05-20,920,1093,1016,1239,1439,2303,1816,2683,5162,24198,2010
2024-05-21,942,1099,1054,1321,1397,2326,1775,2561,4391,14436,1925
2024-05-22,872,1132,1035,1267,1308,2065,1727,2364,3798,10979,1738
2024-05-23,907,1157,954,1258,1169,1974,1607,1998,3411,9746,1551
2024-05-24,846,990,912,1201,1207,2019,1527,2177,3873,10838,1545
2024-05-25,919,1223,1000,1311,1613,2451,1949,3214,5714,20665,1889
2024-05-26,1289,1745,1577,2082,2470,4296,3191,6405,12772,86793,3626
2024-05-27,1129,1516,1429,1986,2109,3531,2710,4506,8638,39232,2658
2024-05-28,1236,1434,1323,1669,1770,2855,2216,3534,6332,20485,1950
2024-05-29,1055,1359,1271,1637,1643,2677,2112,2842,5091,14503,2013
2024-05-30,983,1242,1141,1425,1526,2628,1895,2663,4423,12184,1834
2024-05-31,899,1142,992,1251,1324,2263,1689,2350,3783,10577,1598
2024-06-01,891,1083,878,1182,1271,1982,1645,2075,3512,9825,1567
2024-06-02,953,1068,1054,1359,1377,2154,1700,2104,3539,10176,1633
2024-06-03,1021,1266,1142,1410,1437,2504,2120,2642,4259,11903,4251
2024-06-04,965,1160,1066,1299,1387,2212,1843,2448,4036,11789,5028
2024-06-05,885,1050,1054,1335,1353,2254,1764,2210,3858,10067,3491
2024-06-06,966,1103,1035,1210,1324,2082,1680,2131,3316,9293,2734
2024-06-07,875,978,954,1142,1266,2109,1562,2119,3567,10653,2584
2024-06-08,1191,1405,1379,1551,1703,2664,2191,2878,4852,16303,3923
2024-06-09,1151,1462,1350,1661,1787,3193,2426,3707,7515,52612,4825
2024-06-10,1119,1358,1226,1549,1664,2905,2171,3293,6361,38320,3319
2024-06-11,1020,1311,1128,1419,1477,2371,1793,2545,4374,15712,2296
2024-06-12,931,1148,941,1222,1247,2100,1618,2279,3781,11668,2153
2024-06-13,886,1105,956,1151,1192,1892,1628,1988,3208,9843,2208
2024-06-14,814,957,826,1131,1095,1840,1473,1800,3020,9636,2088
2024-06-15,822,904,844,1085,1084,1675,1229,1649,2685,8188,1654
2024-06-16,754,815,730,1004,1070,1575,1273,1602,2688,8394,1691
2024-06-17,906,1018,876,1078,1006,1780,1351,1620,2735,8519,1701
2024-06-18,794,1010,854,1034,1128,1731,1309,1879,2865,8164,1764
2024-06-19,738,938,793,963,963,1570,1276,1767,2732,7380,1775
2024-06-20,668,862,724,900,971,1669,1301,1692,2642,7980,1719
2024-06-21,642,926,710,835,834,1587,1227,1762,2677,9630,1976
2024-06-22,763,1053,759,968,1057,1879,1359,2082,3689,16970,2311
2024-06-23,1052,1477,1178,1376,1526,3121,2202,3438,7479,54290,3366
2024-06-24,937,1266,1034,1262,1331,2449,1788,2683,4820,24062,2335
2024-06-25,814,1082,877,1052,1167,2048,1520,2148,3249,12306,1888
2024-06-26,708,969,814,1005,1050,1844,1469,1893,3030,10274,1842
2024-06-27,813,1161,987,1120,1217,2106,1733,1990,3350,11746,5713
2024-06-28,689,958,759,958,1008,1794,1434,1889,3174,11631,2626
2024-06-29,731,947,841,1037,1080,2081,1653,2273,4250,23087,2414
2024-06-30,921,1450,1159,1409,1533,3493,2209,4203,7596,71125,3783
2024-07-01,953,1186,1008,1227,1364,2711,1699,2873,4672,29425,2453
2024-07-02,794,1072,870,1152,1161,2120,1526,2280,3451,14089,1951
2024-07-03,774,970,848,1012,1171,2089,1575,2074,3139,11508,1817
2024-07-04,903,1134,933,1240,1223,2022,1668,2165,3336,14092,9238
2024-07-05,741,925,839,1020,963,1728,1495,1787,2968,12622,4192
2024-07-06,848,1025,881,1136,1173,2141,1862,2277,4046,20829,3955
2024-07-07,1608,2164,1750,2188,2364,6648,3951,6705,12023,93528,6177
2024-07-08,1549,2155,1604,1993,2172,4834,3167,5089,8627,45018,4324
2024-07-09,1217,1623,1301,1619,1641,3148,2229,3183,4990,20135,2853
2024-07-10,1023,1392,1166,1480,1431,2665,2061,2441,3867,14237,2342
2024-07-11,911,1259,1009,1277,1326,2487,1846,2293,3691,12076,2767
2024-07-12,918,1181,1015,1222,1286,2509,1694,2186,3409,10992,2340
2024-07-13,942,1149,891,1240,1268,2186,1535,2012,2934,9947,2059
2024-07-14,729,1094,884,1134,1181,1871,1453,1862,2842,9770,1910
2024-07-15,717,951,857,1000,1072,2051,1379,1875,2806,9380,1889
2024-07-16,853,1151,1031,1145,1143,1985,1498,1918,2750,9264,2524
2024-07-17,961,1111,946,1165,1191,2054,1489,1808,2722,9217,2522
2024-07-18,936,1103,990,1271,1261,2141,1558,2105,3100,10580,4620
2024-07-19,815,1011,849,992,1013,1772,1287,1727,2881,10872,2983
2024-07-20,884,1191,875,1056,1229,2233,1559,2261,4294,21061,3288
2024-07-21,1649,2379,1933,2029,2182,4843,2980,4776,10061,97569,5346
2024-07-22,1474,2116,1932,2056,1917,3994,2514,3719,7083,44852,3736
2024-07-23,1345,1787,1515,1785,1838,3215,2303,2935,4887,20967,3476
2024-07-24,1274,1717,1414,1799,1803,2892,2240,2912,4541,16341,3592
2024-07-25,1186,1715,1379,1760,1659,2906,2158,2695,4330,17089,10144
2024-07-26,1135,1439,1221,1595,1653,2572,2000,2507,3973,15310,4566
2024-07-27,924,1131,1030,1290,1404,2413,1730,2554,4250,18690,4231
2024-07-28,1316,1803,1538,1996,2142,4303,3074,4908,9998,128377,6594
2024-07-29,1644,2056,1808,2186,2449,3898,3060,4412,7785,51983,14466
2024-07-30,1431,1829,1613,1834,2031,3143,2479,3221,5122,21963,7964
2024-07-31,1155,1420,1312,1501,1548,2450,2138,2474,3796,14095,4572
2024-08-01,1028,1285,1013,1314,1344,2162,1821,2124,3256,11997,4575
2024-08-02,947,1186,1078,1287,1371,2001,1863,1833,2851,10055,4071
2024-08-03,916,1024,946,1125,1179,1680,1523,1698,2652,8912,3019
2024-08-04,932,1075,908,1054,1167,1749,1447,1645,2565,9042,3220
2024-08-05,815,943,902,1021,1112,1648,1510,1566,2380,8342,2834
2024-08-06,849,914,855,988,1002,1578,1355,1516,2211,7559,2577
2024-08-07,867,979,894,1056,977,1531,1312,1541,2307,7591,2478
2024-08-08,837,897,779,999,998,1390,1205,1439,2060,7224,2709
2024-08-09,706,775,731,868,889,1228,1073,1268,1910,6683,2305
2024-08-10,685,761,690,894,972,1310,1127,1361,1857,6497,2169
2024-08-11,706,737,665,812,878,1258,1092,1315,1981,7312,2368
2024-08-12,711,894,729,832,889,1320,1110,1358,1947,7596,2458
2024-08-13,670,837,848,944,994,1311,1115,1315,1887,7454,2457
2024-08-14,648,698,729,898,856,1398,1098,1626,1897,7026,2473
2024-08-15,622,797,773,874,916,1359,1166,1402,2043,7113,2462
2024-08-16,638,693,641,808,861,1199,991,1277,1766,7293,2281
2024-08-17,561,656,626,711,753,1161,928,1186,1810,6533,2026
2024-08-18,602,677,674,779,818,1311,1122,1289,1940,7469,2128
2024-08-19,606,674,664,825,852,1277,1045,1330,2015,8533,2399
2024-08-20,549,662,610,729,802,1330,1002,1353,2193,8303,2191
2024-08-21,673,747,649,760,840,1421,1056,1410,2248,7890,2161
2024-08-22,633,689,748,750,868,1479,1074,1320,2274,8261,2430
2024-08-23,662,719,775,901,896,1606,1121,1522,2785,14002,11929
2024-08-24,644,769,716,827,943,1698,1164,1603,2909,16804,6438
2024-08-25,850,1030,950,1184,1269,2671,1784,2873,6005,74391,8116
2024-08-26,800,941,882,1090,1196,2282,1606,2475,4518,34673,5514
2024-08-27,872,986,943,1156,1322,2258,1589,2551,4486,29257,6291
2024-08-28,767,958,905,1152,1242,1901,1486,2020,3612,18532,5276
2024-08-29,783,912,953,1097,1161,1815,1411,1895,3069,13796,4359
2024-08-30,863,878,809,974,979,1517,1233,1789,3140,14867,5063
2024-08-31,991,1229,1064,1294,1295,2246,1670,2414,4515,29354,17965
2024-09-01,1183,1676,1387,1797,2238,3540,2652,4084,8157,100063,10901
2024-09-02,1063,1376,1247,1642,1813,2754,2141,3060,5685,44136,6589
2024-09-03,943,1306,1159,1658,1560,2261,1857,2457,4254,23345,5127
2024-09-04,916,1232,1072,1413,1402,1901,1643,2089,3463,16094,3881
2024-09-05,892,1233,964,1182,1162,1820,1413,1903,3112,13515,3882
2024-09-06,902,1099,932,1119,1174,1661,1488,1782,2927,14151,4286
2024-09-07,837,1070,1012,1167,1147,1687,1470,1781,2717,11815,3288
2024-09-08,861,1077,980,1156,1163,1843,1549,1803,2780,11810,3239
2024-09-09,840,1128,1431,1318,1287,1789,1482,1779,2705,11552,3345
2024-09-10,922,1175,1285,1361,1272,2192,1607,1901,3269,11490,4132
2024-09-11,938,1404,1479,1261,1240,1899,1478,1743,2808,10397,3594
2024-09-12,880,1230,1443,1260,1212,2133,1517,1869,2908,12510,3461
2024-09-13,837,1098,1143,1135,1105,1859,1411,1756,2905,12755,3422
2024-09-14,833,1029,1325,1264,1335,2288,1663,2349,4304,24311,4515
2024-09-15,1304,1547,1647,1771,1866,3471,2438,4293,9704,122452,8525
2024-09-16,1138,1343,1355,1502,1556,2619,1982,2928,6425,42607,6070
2024-09-17,1023,1170,1268,1258,1272,2169,1649,2274,4547,21266,4381
2024-09-18,941,1089,1557,1467,1441,2006,1724,2088,3733,16037,3978
2024-09-19,991,1204,1324,1353,1346,1993,1555,2055,3780,15323,3816
2024-09-20,957,1111,1146,1276,1266,1883,1504,2124,4095,16569,4168
2024-09-21,1064,1306,1193,1419,1384,2327,1816,2493,4820,22096,5042
2024-09-22,1773,2505,2144,2634,2449,4336,3256,4601,9562,84333,9177
2024-09-23,1722,2345,2172,2235,2216,3620,2949,3665,6145,38272,6422
2024-09-24,1347,1626,1533,1747,1733,2643,2099,2600,4470,18467,4146
2024-09-25,1059,1396,1283,1457,1449,2241,1892,2089,3424,13638,3632
2024-09-26,1735,2203,1962,2169,1979,2922,2602,2831,5239,20736,6766
2024-09-27,1590,2079,1819,2267,1975,2804,2535,2664,4390,16376,5027
2024-09-28,1086,1458,1350,1615,1400,2051,1866,2101,2919,11840,3505
2024-09-29,1040,1223,1236,1371,1303,1798,1693,1883,2867,11989,3382
2024-09-30,1246,1229,1117,1345,1297,1894,1621,1850,2890,11460,3734
2024-10-01,1188,1317,1102,1296,1196,1737,1478,1642,2415,10336,3779
2024-10-02,1175,1347,1098,1278,1224,1767,1482,1607,2446,9675,3731
2024-10-03,1080,1219,987,1168,1180,1620,1410,1545,2245,8535,3009
2024-10-04,886,1034,890,1107,1147,1657,1315,1439,2032,8541,2981
2024-10-05,923,1012,868,986,931,1354,1226,1323,1852,8357,2684
2024-10-06,728,882,743,858,921,1493,1240,1390,2020,9213,2781
2024-10-07,811,976,849,962,968,1444,1141,1361,2040,9267,3113
2024-10-08,741,901,814,908,852,1352,1120,1323,2022,8137,3125
2024-10-09,679,776,744,827,864,1272,1024,1327,1931,7767,2876
2024-10-10,655,831,759,898,876,1228,1029,1279,1710,7492,2708
2024-10-11,702,961,779,915,821,1250,1036,1294,1914,8985,4448
2024-10-12,918,894,798,882,853,1160,996,1267,1733,8125,3225
2024-10-13,700,837,811,939,861,1352,1165,1356,1933,8870,2972
2024-10-14,1648,1249,871,1010,908,1264,1161,1297,1945,8930,2996
2024-10-15,1273,1001,816,1016,875,1209,1065,1258,1842,7950,2853
2024-10-16,908,915,760,940,841,1161,956,1173,1811,8026,2551
2024-10-17,748,748,691,818,839,1268,945,1210,1895,8541,3044
2024-10-18,719,795,692,942,905,1504,1061,1448,2559,12058,3718
2024-10-19,682,766,700,968,930,1449,1147,1643,3147,24479,4422
2024-10-20,892,1100,1061,1430,1296,2357,1695,2710,5293,68147,8088
2024-10-21,991,1128,1028,1319,1334,2456,1737,2842,5305,56493,6723
2024-10-22,859,1035,920,1147,1162,1898,1391,2058,3102,21021,4096
2024-10-23,771,980,1071,1070,1108,1669,1254,1838,2865,15423,3736
2024-10-24,780,900,1099,1096,1099,1626,1230,1623,2650,12253,3446
2024-10-25,843,1002,944,1027,1057,1778,1251,1831,3085,13853,3821
2024-10-26,821,911,943,1127,1087,1780,1362,1959,3573,17901,4331
2024-10-27,1089,1308,1235,1477,1661,3036,2194,3608,6749,71110,8863
2024-10-28,1153,1525,1342,1734,1832,3416,2344,3648,6618,68159,8357
2024-10-29,966,1240,1098,1371,1405,2363,1740,2398,3907,22511,4549
2024-10-30,964,1129,1036,1213,1294,2169,1586,2254,3512,16436,3881
2024-10-31,952,1172,936,1114,1116,1970,1438,1885,2974,14252,3515
2024-11-01,994,1198,1023,1303,1263,2193,1736,2259,3922,20741,5675
2024-11-02,1124,1231,999,1313,1261,2503,1718,2432,4346,39397,6417
2024-11-03,1437,1988,1542,2053,1939,4410,2847,4411,8675,105686,11486
2024-11-04,1536,2242,1794,1973,2127,4155,2916,4187,7369,55543,7848
2024-11-05,1265,1812,1398,1653,1693,3018,2191,2984,4738,22756,5391
2024-11-06,1145,1525,1398,1526,1745,2568,1976,3012,4196,22788,25613
2024-11-07,1177,1548,1293,1516,1680,2311,1870,2523,3466,14937,9190
2024-11-08,1150,1488,1243,1446,1516,2224,1867,2224,3418,13256,6230
2024-11-09,1118,1341,1135,1392,1432,2294,1809,2224,3269,12581,4961
2024-11-10,995,1260,1054,1297,1357,1926,1683,2007,3014,12258,4390
2024-11-11,981,1261,1151,1466,1355,2159,1722,2104,3180,11610,4347
2024-11-12,1216,1441,1258,1518,1545,2265,1773,2197,3068,11997,5704
2024-11-13,1052,1301,983,1256,1340,1978,1778,1992,2781,10266,4596
2024-11-14,1011,1137,907,1090,1151,1999,1514,1726,2419,10067,4464
2024-11-15,963,1164,922,1131,1097,1962,1575,1889,2722,9890,3673
2024-11-16,790,1008,909,1026,992,1731,1384,1786,2651,9991,3542
2024-11-17,940,1220,966,1295,1152,1812,1488,1876,2985,11637,4179
2024-11-18,842,1110,951,1105,1172,1877,1496,1898,2828,11310,5294
2024-11-19,790,1000,931,1029,996,1581,1299,1687,2738,9804,4350
2024-11-20,839,996,853,988,948,1592,1246,1585,2479,9203,3632
2024-11-21,766,940,775,982,937,1637,1244,1547,2736,10303,3624
2024-11-22,839,971,805,987,895,1545,1139,1450,2890,12270,4805
2024-11-23,940,1180,966,1332,1192,1954,1449,1995,3927,20698,7166
2024-11-24,2047,3034,2013,2367,2400,6217,3583,5882,11175,100014,15495
2024-11-25,1800,2801,1779,2142,1968,3721,2582,3691,5830,37406,12495
2024-11-26,1558,2197,1448,1605,1507,2829,2067,2947,4251,22339,10885
2024-11-27,1263,1793,1268,1428,1508,2843,2151,2929,4637,28819,7752
2024-11-28,1049,1442,1068,1279,1304,2489,1784,2305,3690,18302,6124
2024-11-29,1086,1315,1121,1325,1310,2486,1957,2308,4018,19644,6651
2024-11-30,1207,1448,1312,1660,1450,2612,1948,2558,4548,32556,9387
2024-12-01,1349,1720,1475,1999,1870,3631,2566,4174,7503,78689,14379
2024-12-02,1565,1857,1685,1928,2033,3865,2740,4277,6697,51914,15608
2024-12-03,1342,1738,1432,1672,1749,3131,2356,3372,4742,25188,10558
2024-12-04,1468,1875,1471,1789,1785,3105,2458,3036,4133,19046,10270
2024-12-05,1504,1916,1482,1647,1606,3007,2140,2779,3963,18019,8776
2024-12-06,1550,2040,1504,1691,1679,2980,2296,2668,4178,21311,10373
2024-12-07,1720,2186,1511,1901,1828,3165,2477,2939,4733,25947,13269
2024-12-08,2952,3670,3042,3677,3679,6406,4744,7114,11791,105991,49034
2024-12-09,2752,3352,2737,3256,3351,5724,4183,5880,8996,57806,35914
2024-12-10,2207,2744,2264,2581,2605,4038,3319,4124,6136,30215,27597
2024-12-11,1833,2203,1826,2145,2175,3381,2790,3326,4830,21431,17787
2024-12-12,1481,1894,1680,1975,2005,3665,2757,3102,4384,17534,12462
2024-12-13,1388,1830,1505,1845,1815,3052,2714,2660,3801,15329,12449
2024-12-14,1334,1729,1362,1726,1751,3173,2364,2597,3676,15121,12187
2024-12-15,1317,1670,1410,1844,1735,2499,2150,2410,3297,13471,11022
2024-12-16,1205,1538,1313,1829,1592,2389,2044,2269,3068,12139,10050
2024-12-17,1347,1708,1286,1643,1592,2630,2077,2430,3329,12799,12408
2024-12-18,1403,1887,1451,1711,1835,3077,2524,3010,4303,16711,25081
2024-12-19,1679,2104,1859,2313,2573,3767,3460,3623,5309,22574,38063
2024-12-20,1509,1747,1446,1688,1822,2784,2405,2675,3792,16842,31315
2024-12-21,1259,1578,1353,1562,1546,2342,2092,2217,3138,11661,15423
2024-12-22,1082,1341,1065,1339,1396,2039,1878,2027,2768,10097,11571
2024-12-23,1132,1438,1163,1411,1430,1899,1823,1972,2586,9107,10324
2024-12-24,1085,1333,1069,1339,1291,1863,1664,1777,2473,8439,8325
2024-12-25,1017,1243,1011,1291,1044,1749,1431,1706,2243,7785,7985
2024-12-26,963,1182,977,1219,1168,1828,1490,1685,2304,7991,8420
2024-12-27,1018,1188,1023,1239,1286,1732,1584,1719,2310,8074,7783
2024-12-28,1027,1146,986,1220,1247,1774,1547,1714,2307,8081,7628
2024-12-29,957,1166,968,1208,1139,1557,1336,1562,2269,7734,7385
2024-12-30,1117,1215,1048,1354,1306,1733,1646,1598,2264,7416,7286
2024-12-31,826,937,849,1026,1056,1569,1276,1479,1989,6901,6808
2025-01-01,946,1090,868,1070,1086,1604,1461,1570,2074,7344,10809
2025-01-02,1018,1168,1009,1282,1333,1875,1591,1740,2258,7501,10284
2025-01-03,1003,1152,938,1198,1085,1725,1443,1628,2123,6730,9487
2025-01-04,883,981,891,1064,1066,1607,1389,1462,2078,6291,8855
2025-01-05,944,1049,985,1211,1189,1737,1558,1657,2067,6438,9715
2025-01-06,776,953,811,1043,1088,1517,1486,1466,1863,5984,9374
2025-01-07,905,1196,881,1125,1282,1719,1620,1532,1974,6004,8689
2025-01-08,917,1172,848,1044,1039,1538,1440,1408,1875,5933,9187
2025-01-09,778,1022,821,989,1054,1441,1338,1376,1817,6246,10328
2025-01-10,786,869,789,979,986,1371,1296,1299,1666,5925,9121
2025-01-11,858,922,841,1014,974,1309,1256,1301,1627,5232,7015
2025-01-12,856,901,799,1029,1012,1403,1221,1318,1794,5406,7047
2025-01-13,959,932,803,1038,1002,1436,1197,1344,1739,5379,7010
2025-01-14,768,896,776,914,943,1184,1072,1186,1592,4987,6716
2025-01-15,715,775,713,826,882,1214,1073,1143,1489,4686,6722
2025-01-16,653,760,648,756,826,1278,1116,1137,1414,4733,6623
2025-01-17,647,716,686,830,810,1197,983,1183,1419,4698,6487
2025-01-18,807,806,688,831,877,1259,1086,1187,1451,4817,5981
2025-01-19,746,867,712,895,901,1220,1159,1177,1398,4551,6207
2025-01-20,901,926,767,919,897,1444,1233,1291,1634,6021,8301
2025-01-21,837,845,705,886,928,1286,1224,1180,1614,5801,8201
2025-01-22,906,1009,829,966,1001,1526,1349,1523,1960,6671,9500
2025-01-23,735,822,744,879,915,1406,1207,1225,1737,5817,8167
2025-01-24,774,920,763,905,886,1340,1222,1258,1594,5313,7591
2025-01-25,717,788,713,860,844,1329,1154,1196,1530,4925,6556
2025-01-26,732,840,762,897,840,1301,1178,1269,1547,4850,7266
2025-01-27,667,780,742,866,828,1279,1021,1209,1561,4916,7309
2025-01-28,694,785,696,800,843,1239,1076,1134,1571,4760,6947
2025-01-29,726,776,661,727,771,1153,1083,1063,1491,4601,6850
2025-01-30,630,732,615,710,746,1074,989,1010,1453,4207,6165
2025-01-31,551,747,562,665,672,970,882,917,1389,4117,6214
2025-02-01,577,637,541,738,738,963,853,1011,1288,4055,6076
2025-02-02,593,654,537,745,776,1069,951,993,1351,4098,6271
2025-02-03,566,671,581,655,740,998,871,971,1229,4093,6364
2025-02-04,567,641,528,753,726,1043,857,1034,1241,4460,6632
2025-02-05,622,685,548,759,747,1058,898,979,1347,4459,7668
2025-02-06,558,626,511,663,662,1037,871,1011,1204,4113,6624
2025-02-07,606,735,587,732,717,1056,907,1060,1329,4231,6565
2025-02-08,611,698,617,743,750,1107,887,1073,1369,4089,6567
2025-02-09,548,663,635,732,734,1082,933,1092,1477,4217,7032
2025-02-10,557,665,566,710,737,1022,869,986,1348,4165,7062
2025-02-11,581,629,577,750,786,1129,923,1152,1528,4343,8163
2025-02-12,605,631,592,716,691,1055,890,1006,1285,4148,7512
2025-02-13,591,595,618,740,768,1144,960,1064,1376,4534,7914
2025-02-14,625,615,627,702,710,1106,920,1035,1356,4701,8092
2025-02-15,486,544,526,600,643,1039,877,1014,1350,4716,7636
2025-02-16,586,693,664,754,760,1135,972,1109,1457,4859,8121
2025-02-17,533,598,517,676,732,1067,912,1021,1444,4870,9013
2025-02-18,616,689,649,714,801,1245,988,1208,1739,11108,17079
2025-02-19,669,713,618,738,768,1358,1079,1325,1741,8325,19535
2025-02-20,643,686,646,757,759,1286,980,1244,1587,5876,11769
2025-02-21,630,629,546,749,766,1214,940,1199,1500,5055,9258
2025-02-22,582,607,592,758,740,1230,990,1249,1641,5218,8878
2025-02-23,666,723,616,854,772,1163,981,1071,1567,4947,9514
2025-02-24,656,741,604,780,775,1306,1017,1177,1688,5225,9600
2025-02-25,751,760,697,846,865,1364,1109,1297,1735,5405,9382
2025-02-26,706,786,674,787,829,1293,1077,1320,1807,6718,12713
2025-02-27,714,799,677,794,853,1441,1197,1362,1907,6769,12272
2025-02-28,730,800,682,829,862,1313,1065,1274,1786,6471,12249
2025-03-01,669,711,619,820,766,1205,989,1202,1751,5681,10397
2025-03-02,707,709,630,861,835,1252,1079,1142,1807,5825,10834
2025-03-03,682,765,682,928,846,1343,1195,1375,1996,5468,10153
2025-03-04,619,704,619,849,805,1207,1178,1174,1731,5219,8502
2025-03-05,652,732,618,870,833,1263,1089,1202,1755,5152,8362
2025-03-06,689,774,722,872,859,1228,1110,1228,1801,5084,8501
2025-03-07,948,1202,866,1047,999,1622,1291,1590,3110,20148,17379
2025-03-08,899,1145,945,1196,1174,1868,1568,2025,3733,33214,24722
2025-03-09,1086,1465,1141,1513,1493,2196,1793,2319,3937,35120,26547
2025-03-10,1219,1508,1140,1502,1589,2122,1914,2281,3886,29427,24055
2025-03-11,1089,1327,1057,1390,1409,2001,1704,2172,3539,25722,21684
2025-03-12,1193,1359,1100,1456,1575,2315,1911,2329,3663,24259,21523
2025-03-13,1202,1497,1153,1460,1574,2412,1962,2387,3632,23626,23391
2025-03-14,1218,1533,1163,1512,1680,2661,2077,2506,3837,23733,29669
2025-03-15,1674,1991,1537,2069,2195,3579,2754,3393,5187,27274,41159
2025-03-16,2574,2924,2418,2915,3319,5183,4479,5625,7836,39207,98207
2025-03-17,2031,2202,1784,2266,2473,3640,3164,3521,4811,19794,34544
2025-03-18,1534,1727,1428,1890,2026,2947,2513,3015,4204,15570,22031
2025-03-19,1448,1721,1467,1959,1997,2801,2412,2679,3606,13693,17718
2025-03-20,1384,1677,1386,1885,1835,2678,2177,2328,3332,11773,15873
2025-03-21,1570,1952,1641,2138,2212,3382,2728,2879,4061,13662,24260
2025-03-22,1977,2399,2006,2494,2988,4222,3418,3903,5668,19687,62271
2025-03-23,2424,3056,2525,3098,3631,5317,4344,5453,8206,28487,145188
2025-03-24,2109,2574,1975,2482,2715,3923,3236,3798,5327,15239,38622
2025-03-25,1881,2368,1830,2279,2535,3572,3053,3322,4519,12267,23579
2025-03-26,2003,2617,1992,2527,2891,4015,3442,3812,5223,13335,27521
2025-03-27,2033,2789,2154,2882,2914,4070,3385,3832,5186,13397,31597
2025-03-28,1599,2079,1729,2453,2261,3141,2656,2788,3777,9578,17877
2025-03-29,1629,1921,1559,2134,2031,2852,2566,2539,3287,8525,15144
2025-03-30,1343,1779,1487,1791,1935,2588,2354,2436,3339,8852,14643
2025-03-31,1507,1899,1551,1807,1804,2622,2181,2466,3101,8078,13756
2025-04-01,1346,1721,1334,1667,1777,2371,2027,2214,2870,7505,12571
2025-04-02,1399,1666,1331,1586,1602,2292,1968,2199,2784,7131,11953
2025-04-03,1271,1478,1134,1518,1538,2128,1806,2183,2660,6764,12375
2025-04-04,1229,1451,1126,1313,1418,2169,1676,1988,2501,6888,14918
2025-04-05,1339,1668,1334,1638,1784,2638,2175,2494,3781,8714,22310
2025-04-06,2018,2588,2083,2440,2608,3986,3249,3963,5653,14759,79105
2025-04-07,1503,2007,1585,1815,1924,3013,2402,2823,3930,8360,25112
2025-04-08,1485,2030,1639,1895,1876,2762,2488,2743,3511,7154,16220
2025-04-09,1326,1700,1335,1982,1610,2369,2227,2379,2881,6304,12769
2025-04-10,1307,1628,1285,1704,1426,2398,1964,2326,2738,5640,12217
2025-04-11,1315,1550,1297,1516,1392,2158,1929,2087,2721,5786,14062
2025-04-12,1255,1573,1350,1626,1594,2512,2213,2428,3364,7420,23884
2025-04-13,1433,1857,1461,1839,1950,3182,2680,3247,4832,12982,86701
2025-04-14,1431,1844,1420,1876,1868,3072,2423,3167,4201,9929,43666
2025-04-15,1342,1669,1359,1613,1681,2628,2079,2726,3390,6861,20033
2025-04-16,1230,1560,1316,1445,1535,2537,1969,2438,3082,5894,14461
2025-04-17,1098,1338,1039,1285,1307,2211,1738,2075,2691,5576,13344
2025-04-18,1024,1284,1078,1479,1460,2381,1819,2113,2855,6000,15254
2025-04-19,1261,1536,1279,1508,1549,2904,1965,2612,3616,7787,23511
2025-04-20,1728,2069,1926,2194,2203,4143,2833,4116,5996,13868,75955
2025-04-21,1728,4158,1895,2182,2321,3697,3182,3684,4964,10978,46038
2025-04-22,1358,2525,1468,1704,1753,2858,2339,2750,3637,7213,20481
2025-04-23,1368,1890,1289,1615,1480,2522,1935,2341,3200,5598,14195
2025-04-24,1173,1471,1094,1359,1463,2315,1872,2209,2893,5083,12266
2025-04-25,1056,1383,1106,1393,1345,2053,1769,2061,2572,4776,11660
2025-04-26,919,1109,952,1335,1161,1763,1522,1744,2230,4055,10124
2025-04-27,919,1111,835,1139,1089,1795,1545,1749,2086,4155,10854
2025-04-28,919,1099,898,1064,1037,1646,1388,1632,1970,3943,10158
2025-04-29,813,1032,788,1012,1075,1663,1270,1600,2040,3976,9546
2025-04-30,817,991,786,866,976,1464,1230,1531,1914,3764,9347
2025-05-01,698,815,679,769,825,1253,1154,1336,1751,3491,8977
2025-05-02,748,1024,808,889,914,1418,1153,1449,1961,4256,12523
2025-05-03,932,1271,936,1021,1087,1859,1379,1917,2529,6141,38095
2025-05-04,1142,1574,1196,1443,1511,2547,2040,3019,4454,9954,60131
2025-05-05,1366,1817,1466,1660,1786,2822,2397,3383,5010,10766,60339
2025-05-06,1210,1524,1195,1402,1383,2249,1939,2374,3120,6586,24341
2025-05-07,1274,1408,1101,1266,1335,2184,1755,2241,3090,6826,25435
2025-05-08,999,1155,956,1185,1185,1838,1529,1728,2351,4674,15142
2025-05-09,912,1127,953,1087,1116,1747,1545,1702,2154,4223,12421
2025-05-10,790,985,814,1005,1011,1592,1419,1538,2100,3919,11840
2025-05-11,836,1049,938,1115,1037,1747,1525,1663,2108,4112,12147
2025-05-12,949,1104,923,1151,1161,1834,1534,1752,2087,4128,11452
2025-05-13,1241,1296,1164,1564,1788,2001,2274,1682,2174,4110,10870
2025-05-14,879,1099,946,1189,1210,1803,1568,1562,2034,3633,10251
2025-05-15,778,1107,810,922,982,1640,1385,1407,1880,3407,10382
2025-05-16,762,912,837,921,956,1658,1410,1393,1818,3458,12101
2025-05-17,789,1013,885,1011,1045,1801,1652,1687,2321,4976,20876
2025-05-18,1182,1501,1218,1409,1432,2647,2331,2697,3817,8726,73323
2025-05-19,1126,1379,1142,1230,1335,2204,1920,2227,3069,5957,32015
2025-05-20,915,1119,930,1116,1192,1873,1608,1871,2503,4682,16490
2025-05-21,991,1626,1013,1197,1183,1837,1575,1791,2171,3937,12503
2025-05-22,794,1290,888,1019,1032,1609,1448,1571,2082,3783,11062
2025-05-23,836,1100,867,1020,1056,1604,1444,1640,2174,4190,12132
2025-05-24,937,1209,940,1157,1178,1832,1683,1915,2532,4959,18874
2025-05-25,1261,1500,1248,1507,1539,2519,2221,2663,3727,8671,65273
2025-05-26,1115,1388,1284,1529,1426,2192,1915,2294,3077,5945,30740
2025-05-27,1092,1364,1091,1342,1295,2001,1683,1960,2602,4710,17280
2025-05-28,1386,1359,1088,1301,1206,2104,1611,1988,2469,4395,13526
2025-05-29,1359,1547,991,1173,1157,1836,1549,1767,2316,4119,12907
2025-05-30,1217,1477,942,1190,1138,1794,1498,1768,2328,4082,14027
2025-05-31,1257,1982,1086,1333,1310,1979,1756,2017,2847,5698,21294
2025-06-01,1726,2939,1641,1778,1865,3075,2498,3213,4736,10299,75848
2025-06-02,1628,2060,1505,1625,1667,2581,2026,2722,3877,7728,38358
2025-06-03,1378,1637,1193,1444,1477,2144,1862,2174,3052,5451,19210
2025-06-04,1565,1442,1167,1362,1405,2209,1819,2093,2977,5017,15338
2025-06-05,1294,1391,1234,1372,1253,2130,1722,1936,2694,4247,12594
2025-06-06,1244,1217,991,1201,1077,1887,1590,1734,2410,3624,11137
2025-06-07,983,1135,910,1122,1052,1716,1412,1571,2100,3434,11099
2025-06-08,1079,1174,922,1197,1099,1721,1465,1525,2089,3467,11327
2025-06-09,1113,1295,889,1176,1090,1725,1366,1530,1906,3461,10270
2025-06-10,930,1215,930,1099,1125,1698,1527,1565,1968,3421,13441
2025-06-11,886,1071,864,1123,1090,1469,1320,1458,1791,3251,10258
2025-06-12,807,992,859,974,960,1329,1217,1349,1664,2998,9205
2025-06-13,685,778,651,820,796,1280,1113,1314,1643,2990,10392
2025-06-14,801,1077,801,901,929,1340,1175,1307,1674,3661,14304
2025-06-15,1051,1602,1143,1231,1529,2203,1759,2198,2790,7117,62272
2025-06-16,1062,1544,1276,1344,1640,2271,1788,2225,2905,6349,44015
2025-06-17,923,1150,1042,1153,1268,1829,1556,1717,2224,4199,16403
2025-06-18,913,1082,891,1057,1132,1782,1305,1533,1996,3653,12081
2025-06-19,856,996,837,1065,1118,1715,1378,1655,2140,3511,11015
2025-06-20,793,1102,797,1054,941,1552,1213,1395,1950,3086,10064
2025-06-21,855,959,834,1007,1018,1666,1378,1530,1909,3213,9650
2025-06-22,752,914,800,1013,1044,1664,1372,1552,1886,3164,9853
2025-06-23,768,947,823,1050,1059,1495,1340,1417,1747,3224,10256
2025-06-24,781,1033,797,1008,1077,1661,1333,1454,1815,3204,9726
2025-06-25,825,1071,813,1011,1010,1608,1312,1475,1996,3233,9594
2025-06-26,736,982,807,1038,914,1675,1318,1433,2033,3322,10726
2025-06-27,785,1087,811,1013,965,1825,1479,1542,2185,3940,13205
2025-06-28,837,1084,901,1088,1092,1948,1681,1878,2743,5181,19436
2025-06-29,1199,1560,1362,1716,1793,3033,2491,3023,4855,10159,83119
2025-06-30,1251,1596,1261,1677,1684,2885,2249,2734,4211,7807,37733
2025-07-01,1131,1448,1120,1556,1478,2602,2115,2463,3621,6183,19471
2025-07-02,1248,1615,1302,1641,1545,2686,2170,2496,3687,6106,25699
2025-07-03,1227,1433,1224,1612,1550,2577,2203,2292,3411,5859,24743
2025-07-04,1132,1347,1111,1539,1384,2280,1983,2183,3108,5638,31605
2025-07-05,1147,1535,1208,1625,1545,2795,2437,2652,3821,6751,38690
2025-07-06,1900,2424,1972,2570,2557,4356,3619,4413,6508,13887,102631
2025-07-07,1963,2541,2018,2720,2633,3957,3493,3975,5737,10706,58216
2025-07-08,1610,2193,1710,2090,2155,3306,2879,3168,4505,8010,31972
2025-07-09,2146,2742,2015,2578,2489,4412,3307,4008,6229,10384,34870
2025-07-10,1737,2247,1720,2201,2133,3500,2691,3103,4598,7385,25722
2025-07-11,1366,1741,1492,1827,1764,3007,2292,2561,3487,5910,21092
2025-07-12,1360,1645,1241,1747,1801,2827,2210,2379,3384,5568,15142
2025-07-13,1282,1642,1255,1698,1716,2846,2248,2415,3298,5945,15625
2025-07-14,1296,1542,1236,1696,1722,2741,2205,2360,3187,5332,14039
2025-07-15,1221,1522,1202,1690,1626,2689,2062,2395,3377,5306,19701
2025-07-16,1137,1547,1275,1607,1517,2498,1926,2124,2933,4641,22319
2025-07-17,1270,1526,1257,1612,1487,2286,1854,2113,2712,4467,22260
2025-07-18,1173,1380,1198,1500,1448,2327,1775,1993,2619,4400,23047
2025-07-19,935,1204,984,1332,1246,2064,1699,1789,2430,4082,29855
2025-07-20,1122,1310,1078,1356,1342,2152,1725,1939,2541,4341,31194
2025-07-21,1417,1472,1097,1442,1572,2275,1860,2077,2768,4600,22701
2025-07-22,1248,1504,1313,1736,1510,2098,1817,2044,2593,4382,21627
2025-07-23,1201,1344,1120,1441,1369,2069,1858,1795,2479,4149,18793
2025-07-24,1068,1171,979,1336,1379,2040,1613,1885,2520,4098,19633
2025-07-25,1040,1167,1022,1272,1247,2018,1692,1873,2524,4268,25445
2025-07-26,1153,1450,1052,1315,1463,2329,1985,2257,3163,5810,46182
2025-07-27,1539,2481,1592,1896,2088,3902,2722,3511,5144,10495,86703
2025-07-28,1419,2145,1422,1740,1929,3017,2220,2898,4357,7785,47807
2025-07-29,1367,1927,1357,1619,1691,2944,2198,2643,3670,5847,28737
2025-07-30,1439,1684,1293,1533,1609,2648,2023,2449,3471,5446,24940
2025-07-31,1328,1722,1211,1554,1511,2496,1977,2329,3207,5107,21717
2025-08-01,1219,1496,1165,1436,1416,2372,1829,2268,2982,5018,24083
2025-08-02,1387,1669,1342,1622,1827,2834,2303,2882,3994,6432,33742
2025-08-03,1910,2395,1831,2232,2370,3869,2976,4259,6115,11729,92614
2025-08-04,1551,2019,1545,1818,1970,3115,2522,3286,4506,7702,45479
2025-08-05,1302,1591,1378,1669,1714,2642,2169,2692,3794,5834,25714
2025-08-06,1383,1724,1315,1657,1652,2461,2024,2408,3337,5179,21244
2025-08-07,1277,1609,1287,1654,1563,2356,1894,2148,3027,4442,15178
2025-08-08,1255,1512,1148,1500,1413,2079,1892,2010,2697,4138,12105
2025-08-09,1159,1486,1190,1388,1407,2085,1891,2080,2491,3922,11224
2025-08-10,1145,1356,1033,1308,1359,2147,1805,2042,2760,3944,11451
2025-08-11,1099,1411,1117,1287,1360,2133,1725,2065,2838,3877,10916
2025-08-12,1098,1373,1101,1280,1255,1879,1648,1786,2364,3362,9696
2025-08-13,1048,1320,1105,1198,1240,1810,1459,1652,2134,3221,9490
2025-08-14,966,1164,1035,1189,1145,1679,1364,1525,1991,3143,8822
2025-08-15,1124,1395,1070,1489,1173,1755,1463,1537,2027,2961,9224
2025-08-16,1013,1117,889,1335,1126,1604,1431,1365,1777,2869,10056
2025-08-17,990,1215,903,1132,1133,1692,1404,1596,1986,2939,10862
2025-08-18,949,1101,948,1101,1097,1597,1375,1465,1834,2835,9932
2025-08-19,941,1143,920,1062,1094,1622,1350,1513,1867,2942,9376
2025-08-20,853,1126,931,1034,1036,1511,1305,1364,1926,2896,8560
2025-08-21,942,1078,970,1057,1085,1643,1370,1529,2025,2876,8762
2025-08-22,893,1087,1047,987,1017,1564,1342,1435,2029,3066,9027
2025-08-23,821,1136,850,941,1004,1568,1299,1334,2034,3078,9212
2025-08-24,877,1107,894,993,1040,1560,1281,1472,2285,3226,10683
2025-08-25,927,1078,942,1081,1121,1686,1394,1565,2242,3175,12615
2025-08-26,1125,1575,1143,1252,1408,2056,1714,1953,2701,4522,17627
2025-08-27,1169,1430,1114,1279,1344,2130,1571,1859,2513,4062,14683
2025-08-28,920,1186,913,1136,1148,1744,1417,1587,2076,3404,12481
2025-08-29,775,1047,845,1013,1016,1696,1468,1539,2131,3367,13008
2025-08-30,837,1057,1012,952,959,1795,1329,1603,2328,4159,17258
2025-08-31,1348,2417,1564,1474,1533,2894,2010,2641,4166,8814,71515
2025-09-01,1128,2051,1192,1225,1291,2284,1740,2114,3255,6484,38134
2025-09-02,1138,1652,1068,1227,1235,2052,1699,1972,2835,5108,20711
2025-09-03,1127,1436,1074,1268,1221,2116,1685,1943,2661,4553,16244
2025-09-04,1105,1407,984,1140,1271,1985,1742,1896,2443,4116,14020
2025-09-05,1017,1299,1008,1138,1162,1935,1573,1872,2359,4460,15466
2025-09-06,1036,1359,1030,1243,1280,2211,1985,2159,2998,5499,22594
2025-09-07,1434,1934,1382,1670,1722,3118,2528,3111,4671,9921,72644
2025-09-08,1262,1814,1241,1405,1486,2662,2007,2668,3773,7130,35253
2025-09-09,1162,1549,1181,1393,1427,2392,1817,2422,3075,5334,18742
2025-09-10,1049,1366,952,1165,1239,2156,1684,1973,2743,4115,14241
2025-09-11,999,1320,1047,1197,1203,1925,1452,1809,2439,3737,12346
2025-09-12,898,1144,927,1097,1118,1918,1441,1838,2378,3472,11554
2025-09-13,878,1022,822,1070,1049,1785,1395,1653,2200,3165,11215
2025-09-14,841,1032,880,1010,1052,1738,1336,1903,2191,3436,11581
2025-09-15,855,1174,961,1208,1197,1662,1401,1604,2168,3353,10730
2025-09-16,828,1017,980,1097,1176,1940,1460,1524,2079,3205,10455
2025-09-17,820,1061,898,1077,988,1891,1280,1670,2224,3258,9838
2025-09-18,758,952,886,939,987,1725,1219,1465,2155,3019,9749
2025-09-19,791,1020,926,1026,1029,1557,1303,1451,2100,3246,11372
2025-09-20,942,1131,1079,1104,1143,1958,1397,1815,2628,4577,24153
2025-09-21,1431,1807,1777,1563,1699,3682,2332,3318,5088,10766,109896
2025-09-22,1191,1548,1395,1443,1532,3027,2069,2647,3916,6971,39808
2025-09-23,1186,1535,1203,1240,1357,2347,1707,2187,3053,4789,20213
2025-09-24,918,1236,1111,1187,1130,2063,1547,2039,2715,4155,15150
2025-09-25,903,1077,928,999,1060,2040,1893,1853,2326,3595,12433
2025-09-26,912,1181,1115,1142,1152,2008,1850,1726,2208,3251,11211
2025-09-27,879,1023,945,1066,1014,1839,1528,1574,2166,3161,11245
2025-09-28,852,1015,895,1030,1039,1804,1416,1628,2234,3202,11817
2025-09-29,859,1087,1324,1135,1001,1647,1307,1640,2075,3132,10733
2025-09-30,820,980,1025,1032,1187,1645,1310,1655,2037,3184,9990
2025-10-01,745,995,960,921,1095,1562,1297,1531,2107,3102,10103
2025-10-02,809,1055,1060,1033,972,1533,1348,1482,1960,3175,10689
2025-10-03,755,1021,910,983,912,1546,1193,1472,2076,3244,12557
2025-10-04,839,1022,952,992,1063,1829,1421,1874,2424,4414,20055
2025-10-05,1340,1602,1439,1574,1646,3166,2247,3279,4840,11319,86160
2025-10-06,1103,1488,1242,1393,1360,2549,1859,2532,4025,7473,42064
2025-10-07,1109,1389,1147,1259,1348,2151,1658,2166,3103,5058,20191
2025-10-08,1071,1338,1032,1223,1187,1859,1503,1881,2611,4157,14889
2025-10-09,953,1178,1040,1137,1140,1857,1359,1740,2412,3655,12955
2025-10-10,846,1078,910,1068,1006,1736,1335,1653,2276,3125,11333
2025-10-11,938,1051,876,1059,1015,1633,1348,1684,2124,3130,10781
2025-10-12,1007,1115,914,1075,996,1590,1316,1625,2117,3159,10904
2025-10-13,1134,1224,1011,1238,1090,1654,1339,1767,2142,3182,10385
2025-10-14,972,1053,924,1242,1081,1608,1245,1743,1882,2932,9738
2025-10-15,1000,1081,821,1128,1104,1600,1297,1737,1982,3145,10821
2025-10-16,835,957,782,934,977,1406,1156,1421,1757,2887,10167
2025-10-17,792,995,791,900,960,1626,1210,1441,1899,3374,13873
2025-10-18,1014,1194,934,1117,1183,1993,1463,1991,2622,5327,46721
2025-10-19,1207,1506,1201,1503,1470,2962,1993,3111,4388,10420,102386
2025-10-20,1330,1685,1340,1551,1624,3333,1979,3376,4515,10523,72250
2025-10-21,1171,1456,1122,1392,1403,2643,1746,2535,3448,6010,25456
2025-10-22,1013,1246,1072,1174,1161,2290,1835,2157,2946,4904,17590
2025-10-23,1037,1269,1127,1248,1259,2163,1603,2154,2654,4239,15192
2025-10-24,1079,1249,1099,1186,1163,2282,1511,2095,2550,4699,16993
2025-10-25,1030,1238,998,1189,1142,2156,1602,2045,2830,5501,21711
2025-10-26,1163,1459,1136,1407,1392,2763,1948,2530,3864,9521,71115
2025-10-27,1260,1606,1270,1460,1430,2780,1870,2668,3958,8816,62849
2025-10-28,1058,1272,1126,1260,1304,2382,1687,2236,2777,4856,20186
2025-10-29,1009,1205,1051,1268,1233,2032,1504,1946,2428,3927,14591
2025-10-30,1056,1254,1089,1242,1143,1919,1501,1770,2252,3484,12727
2025-10-31,907,1126,970,1170,1120,2169,1393,1880,2220,3350,11465
2025-11-01,895,1120,931,1014,1088,1833,1520,1539,1939,2907,10951
2025-11-02,971,1142,939,1121,1148,1739,1391,1551,1978,3108,11979
2025-11-03,1005,1197,970,1070,1055,1645,1255,1625,1897,3035,11563
2025-11-04,866,1024,914,1318,1081,1621,1242,1419,1816,2914,10280
2025-11-05,910,1122,907,1226,1091,1653,1318,1499,3835,3365,9976
2025-11-06,888,980,839,1043,993,1488,1126,1395,1710,2795,10302
2025-11-07,889,1071,881,1012,981,1513,1181,1396,1872,3166,15466
2025-11-08,1032,1230,1041,1232,1165,1975,1520,1768,2362,4624,33170
2025-11-09,1295,1558,1344,1625,1618,2760,2143,2656,4104,9084,81820
2025-11-10,1367,1650,1377,1557,1643,2695,2028,2618,3989,7448,50645
2025-11-11,1115,1356,1164,1515,1499,2292,1692,2097,2940,4689,21571
2025-11-12,1155,1409,1115,1383,1310,2060,1656,1912,2656,3973,16161
2025-11-13,978,1303,1114,1298,1287,2026,1511,1830,2567,3555,14441
2025-11-14,1009,1264,1032,1236,1268,1985,1487,1804,2418,3324,12813
2025-11-15,967,1124,967,1196,1160,1715,1548,1531,2273,3006,11575
2025-11-16,976,1115,934,1146,1089,1699,1489,1554,2117,2998,12174
2025-11-17,898,1035,866,1036,1066,1574,1295,1468,2086,3034,11568
2025-11-18,910,1034,870,1020,976,1616,1220,1534,2095,3023,10625
2025-11-19,888,952,884,971,952,1597,1235,1465,1935,2747,9749
2025-11-20,809,1012,853,992,980,1501,1165,1400,1865,2910,11567
2025-11-21,753,946,790,953,947,1350,1128,1295,1834,3027,12280
2025-11-22,931,1088,950,1081,1161,1688,1414,1654,2463,4366,22832
2025-11-23,1653,1917,1533,1828,1971,4344,2569,3905,6266,13938,167482
2025-11-24,1388,1658,1264,1581,1634,3128,2083,2872,4000,7012,41333
2025-11-25,1171,1424,1078,1383,1407,2500,1775,2410,3315,4944,21574
2025-11-26,1043,1370,1112,1440,1379,2373,1744,2242,3169,4356,17089
2025-11-27,990,1318,1044,1262,1242,2256,1550,1964,3057,3929,15689
2025-11-28,1125,1604,1159,1324,1304,2425,1740,2150,3186,4724,21368
2025-11-29,1170,1594,1237,1456,1460,3062,2149,2603,3764,6309,44930
